Sample,CREBBP,SCN4A,SEC62,SYT7,HEBP1,SERPINB1,UBR2,USH2A,FAM120A,TNFRSF9,RAD51,GPC1,KARS1,SPI1,TBX21,SNCB,STXBP2,TP53INP2,TRAF5,ATRX,DYNLL1,PDPR,MSH2,CDHR5,PDGFB,ZMAT5,PNPLA3,DHRS7,DHX35,LPIN2,KATNAL1,COG4,SLC7A6,EBI3,PLEKHA4,DNAH11,WNT2,ANKRD7,PDAP1,SNX8,TGFBR1,MPDZ,SLC16A6,NOP2,ACRBP,SPSB2,CSPG5,PLCH1,NRBP1,RND3,ALMS1,LGALS8,SIPA1L2,PPP1R8,PHF3,MED28,ARMC2,PIGZ,SENP5,PTPA,AFTPH,RWDD3,P4HA1,IFT81,LRP1,ARFGEF2,EDN3,STK35,IL22,PARP2,LAMA5,UBE2D2,CCT6B,SNAP25,BCAN,STARD13,ANO3,HNF1A,PPP1R1A,TFCP2,NMBR,CHRND,DOCK10,REV1,ENPP2,TCF19,CFAP68,SELENOI,BBS7,CDKL2,FGD4,SLC38A4,NKD1,DHX38,TXNL4B,PIK3R5,TBCD,POGK,UFC1,METTL25B,ADAMTSL4,C1ORF56,PSEN2,THSD7B,RHBDD1,LPP,ADAMTS16,OTULINL,SCML4,ARMT1,CNPY1,FRMPD3,ADAM12,MPP7,SEC24D,C4ORF33,RBM46,TMEM123,PLA2R1,ABCA5,C21ORF91,CCDC174,NIFK,ADCY8,SYN2,FBXW5,SYNJ1,IRX6,CCDC116,KNCN,FANCD2OS,ARFIP1,IL31RA,BMT2,NDUFB6,ARHGEF40,HTRA1,GPR176,RAB8B,POLL,ASPG,ZNF319,TEKT1,KIAA1586,ING2,SHOX2,SIGLEC7,PCDH7,ZNF282,OPRPN,MLLT3,PRL,ABCG4,GXYLT2,KDM2A,VANGL1,RNASE11,FAM166C,DPY19L1,RESF1,SART1,A2M,KCNA2,C18ORF32,VWA1,ZNF784,SSR4,PITPNB,POLR2A,P2RY8,ACBD3,PRR36,HMCES,CMTM4,B3GALT5,PRKD1,FOXO4,DHRS7C,MAFF,UBALD2,MTARC1,MAGED4B,DHRS4L2,PRKAR1B,FAM78B,S100A14,RYR1,SDHAF3,ANXA6,BNIP3P1,DPP4,MYO1C,ZNF544,CSF2RA,C20ORF203,BRINP2,TGM2,CCDC162P,ABCF1,SLC35B4,CHUK,CELA3B,ZNF688,DBIL5P,RPL37P6,TMEM178B,BAHCC1,TMEM272,HYDIN,Condition
P1D1,8.21007745228962,6.306160612415921,7.159211757958893,5.963838204271605,6.903372794259177,5.064086255249286,6.65137188395045,8.64547250849454,5.508266722770397,7.385326946038601,5.354287869471854,4.8036292010812804,5.337765892799547,6.781963874790399,4.930158064765562,3.1288954790260037,5.9977669600609165,5.391052466526819,7.809301516481675,7.842574646967975,6.254743379346536,8.200938428151744,3.222554248077395,3.939205293846146,3.65561918404458,6.061630209870702,5.2297687553777745,6.615777734893525,6.543347892236712,7.804476420409953,6.240576975330191,6.438781606916567,7.456123607950428,4.722536874776743,3.148054834053402,6.93951986297577,5.9647662789269065,3.071251667677963,6.510474456879161,6.964232154335756,4.674625972429593,6.763244298260748,6.6872466723020505,6.44835321299151,3.103908551005103,3.3361144611910643,5.406231726578868,5.3559918871862635,5.807661677706047,5.0564038316872,8.19456476894442,7.150988761602996,6.015055724156278,3.474567134655344,7.807196029320725,7.130814979922583,6.444161307321803,6.694485043025086,7.010535019584161,6.804302139461161,5.545913294012838,5.007592864536344,3.4211720369104235,6.310888710484992,7.769149036164377,3.0108421264668377,5.5992457539008225,7.295906708163306,5.096949732198973,6.068148480176646,7.227005425259295,6.448246856707376,7.488577513803428,3.7837964875560117,7.4699230675969766,5.798290604080131,6.095400874399072,6.4476539005590645,6.807424976348711,3.1645204908558484,3.580458123326221,6.021649261746114,6.1436656121236375,4.6227692412503965,4.977358198706009,2.1291324469397264,6.820671978074573,7.173085375227522,7.043256196012949,5.543138360146605,6.95772744757212,4.497870542581902,8.309663270723494,7.423817877594917,6.640504960664899,4.9301271101284065,8.200213559591049,7.664490747903415,4.159379502959217,4.837546610742229,6.467218146594531,6.009520511349574,6.212192611645257,5.778199571551019,6.124964427418899,11.2831807700084,4.806116471087689,6.635604736714912,8.670786212965972,4.027944012302212,4.98426094610633,5.85413194838027,6.915357065492993,6.658534229107593,6.937079129151469,7.256612231623636,5.544977785360084,7.027933046566886,7.6318185848657265,7.170696841837506,5.391542586014946,5.724585483885049,4.65848028125689,6.171629635191184,7.0782297444733615,6.993280251700458,5.599790610891729,6.164090066610628,3.450248705692715,5.147778019541968,3.272803820203256,3.078998552573016,4.856642843573571,5.584819120888741,5.267216908918369,6.676183425309864,5.063527502962856,5.54170538335911,5.412311905652498,6.014895808054307,5.742075949786008,6.619674283366882,5.407467988579139,6.424527493764305,3.509929055253515,5.31624460986651,4.124840297671751,7.229610833714181,6.285358235813488,2.9455830020481377,7.704736345213419,5.2906717909978,7.848133478029206,5.908789035497787,6.326103530045593,7.4719821989606405,2.9761702040925897,5.711871650577363,5.83044145208453,5.765107803396628,6.486501986806605,5.712259860498184,3.439160763394261,6.77537129925952,6.896581615893975,4.249156461414806,5.573491401220739,4.5348454993896,4.6172387136476285,6.082367717196314,5.954328854496664,5.949869802250646,4.874855181625282,7.714225362110051,3.2846733707418254,4.310475406172964,3.2787426797354584,2.8713411038537937,5.56152947419389,5.542832210372261,6.967976347211657,5.865412297766046,3.551762165385087,6.838220994139036,6.966607868281859,5.5170634656540685,7.033926831995716,2.923936356495235,6.623697914573983,5.383495751918338,4.283475329071544,4.144583150656429,8.329579482970697,6.072243204191171,7.695678527040066,6.6414985548995755,6.6740253322644705,6.124098778499048,2.808315337513943,6.584876888524466,6.689747961962878,5.436034220975104,3.2620285777702343,4.372611301106099,3.096361914277452,6.872123107140226,4.751037676712828,4.974121984232303,9.22750303779533,Healthy
P1D2,6.86630893111615,4.9787154792911466,7.615940031849524,6.769113240719639,3.169465561755753,6.518444826743378,7.9148728393182175,7.333986235542049,7.446188370915069,7.10436166794727,7.032753147738731,6.791033970057313,6.101531646201087,3.002517455315682,3.420187704174072,5.90396244903773,6.614782932610771,5.391052466526819,7.347155753532727,7.643243716264067,5.100978357404437,7.868011356630998,6.2651506178347685,5.0900256483495445,4.561146019448708,5.855965962971675,6.748168521083098,6.436021048855148,6.3942367779123295,5.205646229251691,5.535652726359299,6.274104629342993,4.397897761543986,5.2161893038213325,3.148054834053402,7.454778790220441,4.987305663236674,3.071251667677963,6.355631198967304,3.5051019652947275,6.4683288992206265,6.165844355166234,6.3991787193054215,6.44835321299151,5.926962887628976,5.873795180677935,6.310627157860344,5.6608739497514815,5.807661677706047,3.546186973294379,6.423826457116466,7.940432523544427,3.0094653328796364,5.569678961991139,8.424951203224257,7.3720990602515,6.931251910724315,3.5183795315701496,7.445623762289076,5.994210591880466,6.611012953664014,3.1216165979211503,6.382556779170393,6.735804998875391,7.171408473908805,3.0108421264668377,3.016688257808239,5.703699881926331,2.982915492010676,7.114273294821276,6.432423075301866,7.092660773210174,7.679090399540234,3.7837964875560117,5.176991644009982,6.230068571055744,4.598237852063679,7.110066623288612,5.62808490971329,6.029472685044593,3.580458123326221,5.53354174751983,6.677766600754355,5.13583076513798,6.161703893544317,4.270806739514999,6.241757884091562,7.777729268379554,6.056073096531661,5.784059357270847,7.58197849960143,6.435028276219088,8.790895621099756,7.7877800923928096,5.465283655652142,6.87619475665036,6.780802546032843,6.389551304510546,5.142061994812108,5.99459862856256,5.484807562540125,5.068669168935303,2.614591087917385,6.373002829726218,4.980352045898856,11.437020773319828,5.770168442239603,7.506484241643534,7.5970335601882475,5.5750397539683,4.393706233935553,6.6639673669539174,7.134530038838369,7.225464932614189,7.048917098486797,7.561697227777644,5.544977785360084,5.846301509988785,8.406287067976958,7.498300910787998,6.451671985746444,5.93667969220707,3.98847252113182,5.034297640135158,6.536701458192443,5.326533910460135,6.914967606529194,5.094106091635391,5.683868295447386,6.7765338144699605,6.106972325584444,6.281840110646538,6.731567561423615,6.916853343500453,3.460342306445834,7.940028321307329,3.4299453118837806,3.719421379998348,6.532094185426693,7.40457910627968,7.6765990744813895,5.716034649902403,6.142954001418595,6.205251949763815,4.986494862036485,6.9726618627363806,5.086250092429097,6.6521098753848715,2.9555088600491133,4.078677461614357,7.355208490958587,3.0273688725641406,6.894769813888969,6.270161069086594,6.887817950354597,6.421399029468025,5.631869647853707,4.694953790374832,3.6397038954196193,5.064223335123913,5.882465349108706,7.314714032967489,3.439160763394261,6.77537129925952,5.653800398003515,4.877501332830837,4.801682568495459,3.6523491898813636,6.766191266704309,7.305107822888058,5.425112937525282,5.949869802250646,5.338499002512133,7.329628431320073,3.2846733707418254,4.310475406172964,4.245203968800679,2.8713411038537937,7.008666112848543,4.746298083873984,8.246713144283085,4.673648724026749,6.300030007880903,5.364601458045822,5.889978496247532,3.7874259076497516,7.414232041549363,6.672230212196176,5.64213137470148,6.049269631693374,4.283475329071544,7.203336438119434,7.921229378214013,6.545352291644248,7.1437436307820175,7.04994132501079,8.023445917394575,6.663176414461512,2.808315337513943,7.30929871088181,6.403229211978973,4.014673457126405,4.330688070294742,6.420275454581406,3.096361914277452,6.9876316077622995,6.206812161985383,6.268121269961437,9.432507137904912,Healthy
P1D3,7.430898522989436,6.125440475129523,7.246816511488085,6.999418435925254,6.903372794259177,5.952321822428505,7.161791305132317,7.815414607199699,7.446188370915069,7.467360590025269,3.054124906257319,4.222350569278594,6.283775798151986,4.056767372494575,4.3728729316822665,3.1288954790260037,6.614782932610771,5.391052466526819,7.17941554177397,7.318271170280555,5.677860868375486,7.266127652386315,3.222554248077395,4.612392046297261,5.75818738384387,5.337733450099458,4.271765165378355,5.128733198070428,6.227544734070504,3.25854494883635,6.718202557926155,5.616974536868563,5.890287374682629,4.722536874776743,3.148054834053402,6.591132893834105,6.182146112011273,6.148621390319189,5.759738725235021,6.309468839925547,3.7777745090340757,7.081994167340213,6.2267958979888824,4.954124590164431,3.103908551005103,6.092119802264538,6.601777456077624,6.12059751735106,6.365045650519265,4.499027723599623,8.695063450057884,7.6366145424957,6.971203826632902,5.569678961991139,7.807196029320725,7.965805628897696,6.111268602964523,6.49053134508925,7.987729357545824,6.20023069834229,5.545913294012838,3.1216165979211503,4.312637673032322,6.608631585940245,8.446596016051004,3.0108421264668377,3.016688257808239,7.440618075052168,2.982915492010676,5.8565589554842585,6.879908648723443,6.093600286708627,6.654481072705151,4.69520978960688,6.719153984517423,6.687771660355139,3.979325472724696,7.416603583877672,4.939953969718645,3.1645204908558484,5.074413444943479,6.53906407736647,7.680440778953098,6.8899997016256,6.161703893544317,3.1999695932273626,6.820671978074573,6.85743611844001,6.24624906167465,5.784059357270847,7.777376101243446,5.0644528586617685,8.352584311542657,6.572325530907499,5.465283655652142,6.054629100945297,7.119778115840763,5.7686435983071025,6.291726810510438,4.160714568933589,5.484807562540125,5.068669168935303,6.683225692595247,6.655397481817474,6.464464406957971,11.44205917411134,6.334102694109786,6.635604736714912,7.526206344278311,6.143150667194297,4.393706233935553,6.536626993886497,6.497549555650236,5.465557179034648,6.535121477638597,6.490498880205513,6.178620407211877,4.284269583981269,7.870223037666486,7.63700355363933,6.714008867107935,5.473731278820333,6.647976062143483,5.034297640135158,5.962658342213386,6.24873592009242,6.804795898645834,4.650022618393232,5.3741838996144065,5.147778019541968,3.272803820203256,5.838740327030141,2.490751263177243,6.096764910629699,5.99661146084191,6.36726425104113,3.4299453118837806,6.277320363109183,7.1871248280666435,6.925751729370793,6.885170797688215,6.3287672977009475,5.029376188822111,4.148055690357436,5.67305886378807,5.886063091603496,5.862449022340829,4.686193737300149,4.714737657927874,2.9455830020481377,7.091999517767347,5.654982189339979,6.456764402523035,5.399463760489861,6.489275226630422,7.235779434316928,5.030899774072988,4.694953790374832,6.470201827059295,6.226768600508134,4.750129518056322,5.712259860498184,3.439160763394261,6.298528472134713,5.653800398003515,3.174993808866322,4.801682568495459,5.417341808897836,4.6172387136476285,6.2798739722597805,5.716361473499177,5.949869802250646,5.991968265846502,6.489252946600324,6.945367744161178,5.7389285024802685,6.17812654693112,5.392160620695476,5.223575166616721,5.542832210372261,7.446815789535469,6.0679227247525915,6.300030007880903,6.3539844885271215,5.32538802323749,2.696146109410151,7.2359951517552865,2.923936356495235,6.216310992489511,5.383495751918338,5.2735068732719785,4.69547474682582,7.182191798286473,6.545352291644248,5.725166136324992,5.843278813469846,7.5437254949027714,5.278296848382757,5.409708862757929,7.661290963166762,7.121781978062447,6.5112521313485185,3.2620285777702343,6.040762686964449,5.065458975509928,7.907791640931755,6.008621096854735,6.803047770847293,9.07412731831989,Healthy
P1D4,8.439549286575629,7.675251820441025,7.549712138315973,5.963838204271605,3.169465561755753,4.6074703871834135,6.7959548881738545,8.871823352600739,7.0440332935929195,8.482629636957629,5.724531409810917,7.372312601859999,5.337765892799547,5.727713957611506,5.632254299509506,5.023173382869462,6.180053937569923,6.477602159345356,8.314940898278627,7.643243716264067,5.41845971304996,7.755559010689236,3.222554248077395,2.7883849393427473,5.75818738384387,4.550962900166136,7.521617434817985,6.237309251512739,4.8394294428213005,3.25854494883635,7.280178002383206,5.30498898317082,7.456123607950428,2.837356403650411,3.148054834053402,8.456111456692618,6.819525401327313,4.261740783780303,6.1825311637794265,6.468312854997684,7.587534515864034,6.498012865294438,7.293999511810096,6.288155857676474,3.103908551005103,4.317823371389531,6.136399829510378,6.857030920382378,7.150634237490912,4.499027723599623,6.621319384132073,7.244925040731244,4.080078231755189,6.007687136813537,8.659810820290573,7.215934178356539,6.7099709982122295,3.5183795315701496,8.03635278530099,7.386098311140701,7.676112613315192,5.007592864536344,5.491091143048494,7.4650642301531995,8.238616589560852,3.0108421264668377,3.016688257808239,6.315203404144688,4.658247989980172,6.068148480176646,6.744563628456559,6.59972525773888,7.992483241201521,4.69520978960688,7.086799997573337,7.208084723377862,6.275187932239852,6.707873465844633,6.081345172503715,6.940880510978008,5.46561984915571,5.53354174751983,7.082236325488633,6.207972171991122,7.130579087930304,2.1291324469397264,6.560357300549256,6.85743611844001,5.576867936714374,7.080134082604948,7.169481087090698,5.778262158743564,8.124758331360516,5.627991177076753,5.465283655652142,7.308083180135723,7.799492280860823,8.30103260136558,4.734211910808381,6.847306156356728,6.737975458596109,6.009520511349574,3.7495080093243476,6.522060685893438,6.464464406957971,11.763025880717016,6.9486182655501665,6.764923393173673,8.735315501579313,6.368609510901683,7.227899324797017,6.2384932254865415,7.632415911611133,5.465557179034648,5.713849072997395,7.169083284370499,6.337411418342459,5.846301509988785,8.073167131178858,7.932989449641013,7.119474530356575,6.558561004057525,5.803866112483794,6.895127231687397,3.946424877432116,3.482129891195566,6.062914885936074,5.720006593368469,6.89886646770619,5.708080776940921,3.272803820203256,5.838740327030141,2.490751263177243,4.807592952082426,5.558058758155541,7.7432373574853575,3.4299453118837806,6.871454829679937,6.361883814916064,7.1363106875199485,5.450718608322466,6.48231826372073,6.473248912338228,5.652721707428656,4.986494862036485,7.173767959976338,4.124840297671751,6.6521098753848715,7.752632049668845,5.211771921180576,7.2730222939234,3.0273688725641406,6.456764402523035,6.5504629948666935,6.998705773355162,6.0486987188386205,6.058264559063186,6.728789510779892,6.0786142326387385,6.716148766259604,3.2819350175711253,6.5696152746053045,3.439160763394261,5.848694876346647,6.753679297435532,5.669122250297377,4.801682568495459,7.100165722158316,3.743478883623423,7.559291502172519,4.5204123518997905,7.151805850541958,5.991968265846502,7.841643808151481,6.64372623750511,7.228524800605838,6.7434701594329045,2.8713411038537937,7.7349868481690045,3.0332239172667874,8.293429439704534,3.481885150287452,5.824820076812067,5.671491466196841,4.360214234637365,3.7874259076497516,6.921781866534303,2.923936356495235,6.216310992489511,5.383495751918338,4.8626066569598585,6.18812174695741,8.329579482970697,6.249365024449389,7.515211634324565,6.3772354810128,6.404127397338705,6.807227986586799,2.808315337513943,6.584876888524466,6.403229211978973,2.9394555467529915,5.743379077330959,5.551485632499085,4.338723837879139,7.093889127973744,6.206812161985383,6.423511378425653,9.15270170614525,Invasive
P1D5,7.430898522989436,7.1569136900062205,8.187696265812937,7.198917870367774,6.590896361431819,5.952321822428505,6.7959548881738545,7.815414607199699,7.446188370915069,8.323252616116807,4.204206387864586,6.791033970057313,6.44452653268344,3.002517455315682,4.3728729316822665,3.1288954790260037,6.733564296367952,6.477602159345356,7.752264288376887,7.902729282829812,4.691673702087298,8.396737691362024,5.088113670912503,2.7883849393427473,5.75818738384387,6.243038932191649,4.8321613410842605,7.200735419212563,6.6782353026517765,3.25854494883635,7.688031598034797,5.871885295043693,6.713681384316779,4.722536874776743,3.148054834053402,6.93951986297577,5.707660506652892,6.413377147423876,7.106366930611443,6.468312854997684,6.096101910628379,7.338614984897079,6.3991787193054215,6.44835321299151,3.103908551005103,6.092119802264538,5.697382024796148,6.12059751735106,6.365045650519265,6.711455431686922,7.586062298454115,5.997362211457853,5.495351501527583,5.807018996711447,8.466695505572073,7.512619916524441,6.111268602964523,4.577081368721795,7.517911469873479,5.750540524495307,4.4808136343616605,4.311535139058291,6.6170429130889605,5.683757739314871,7.887148765690979,6.118506122940228,5.8918049757010476,7.133061789516354,2.982915492010676,5.8565589554842585,6.249213156098907,5.881376137265202,7.792162675716524,3.7837964875560117,4.738426936275438,6.921735781492851,5.656275552900867,7.272371829707803,7.426458946183345,7.049989247335521,5.76906311063114,5.209835859505599,5.919710789664837,7.172357833542625,5.946233393091996,3.1999695932273626,7.139271394532267,7.430989596789891,6.24624906167465,6.164204486396629,7.715530891912483,6.435028276219088,7.969682606088416,5.868151520303132,7.280820555456144,6.2318469647720836,7.388048919157351,7.946637089907933,3.176697011106324,5.317766586753919,7.662701080040749,6.009520511349574,6.384703494502247,6.655397481817474,5.916722692134237,11.648762126691329,6.613202119078135,7.8234572947384855,7.961859167483203,4.712544784008451,3.3841462853188,5.85413194838027,8.043930900455159,6.51432496319072,7.048917098486797,5.489743062056309,6.337411418342459,6.157111259127079,8.207770490924448,7.498300910787998,6.932398739571898,5.473731278820333,5.1338583523587245,5.034297640135158,3.946424877432116,6.672424682088348,7.200764827866802,5.95796292035441,5.936898870745344,6.105621909890833,6.106972325584444,6.625535004318765,2.490751263177243,6.639449316597755,4.8922565506580415,5.980382422144497,6.323417556574013,6.985831288854527,7.1871248280666435,7.1363106875199485,6.647114516132577,7.148269583109013,7.144611496060099,5.9521169115319115,6.60466816439369,6.455881573340482,5.395754916061378,4.686193737300149,7.670495119693259,5.211771921180576,5.943354184982817,4.159020331780971,6.061082731454955,4.528766451893128,8.061629005754936,7.731956794859377,5.361637362059247,5.938026475808083,5.526702516512737,7.07612882489366,7.285456272817811,5.712259860498184,3.439160763394261,6.902792572786025,5.263612148870401,6.397481766511772,5.573491401220739,6.299838118406072,6.513232014073138,6.082367717196314,3.6157117662742992,7.151805850541958,4.874855181625282,7.415908806512357,6.5261057967762905,4.9425759709544375,6.17812654693112,2.8713411038537937,6.071121801987152,3.0332239172667874,8.198464896917546,4.673648724026749,6.48862043816969,6.531330985988019,7.165868843846914,2.696146109410151,7.138331297063775,2.923936356495235,5.860424334206565,5.383495751918338,6.2635384174724145,5.846669415381857,7.083951582736455,5.6259318623759675,6.159634189617146,7.1349320504410425,7.259519134425133,6.325917797990275,2.808315337513943,7.30929871088181,6.689747961962878,4.6436356147986135,5.3993475628192495,5.551485632499085,3.096361914277452,8.0140491611432,6.381629070820441,5.888584877539797,9.298877127094965,Invasive
P1D6,5.181192465313584,5.670062098553821,7.7971958854558565,6.339308611071502,4.880180961593785,5.952321822428505,4.824977207011418,7.4902365432695035,3.570345074625724,7.385326946038601,3.054124906257319,5.535953669289867,6.101531646201087,4.673464040432613,4.3728729316822665,5.023173382869462,6.484672669691371,5.690038189695645,6.158016344670436,5.698334049397264,4.114791191116249,7.755559010689236,3.222554248077395,3.939205293846146,4.561146019448708,6.405314564009485,4.271765165378355,5.76332579167506,4.8394294428213005,3.25854494883635,6.417231181351603,4.902769648871521,4.397897761543986,2.837356403650411,3.148054834053402,7.454778790220441,6.536544085037507,3.071251667677963,5.986286529455141,5.374679881715274,6.4683288992206265,7.2584859193133795,3.714716341791399,4.40264926411706,6.5826861563995145,5.299532281587998,3.5974408640159186,6.3030420745018265,6.9820497074467,3.546186973294379,2.937118933103522,5.997362211457853,3.0094653328796364,3.474567134655344,8.147171234562771,7.865474615642084,3.5337035328395014,5.196382242900103,5.733019173404241,5.994210591880466,3.415713974710484,3.1216165979211503,5.491091143048494,6.310888710484992,7.260781874496015,3.0108421264668377,5.5992457539008225,7.217030360264889,4.658247989980172,5.606301664459405,6.596309932634757,4.534748470080334,7.344038533199022,3.7837964875560117,3.0636177513059284,7.368700315165299,6.436012935748593,6.820705399989251,6.419889728064968,3.1645204908558484,4.523038986240966,6.386221572701707,5.355389707305507,6.99128297546064,4.977358198706009,5.341643885802635,7.399586072057584,6.85743611844001,5.259065962193361,4.868129761062528,6.703362220918047,3.5292916757633086,7.969682606088416,3.9163989569521673,5.04836726278047,6.2318469647720836,6.319977240409637,7.894823781404872,6.441097589146368,5.99459862856256,4.827639298722138,5.068669168935303,5.249786573095284,5.495804919459765,5.670424995561508,10.731378663388517,5.9845662943982525,5.69512951882929,7.729094558267949,4.027944012302212,5.403266182552306,5.312405154470969,6.497549555650236,5.741419189997766,7.1524628849566305,7.169083284370499,4.856300363716331,6.419897157674191,7.6318185848657265,6.462759035989377,5.015455696313378,3.2593235300924093,6.279244183585629,6.7783314416697475,5.714563716891093,5.326533910460135,6.246709037946637,2.9541381416849175,4.974931273784499,4.189934129193102,4.369209862685693,4.771126474338967,4.856642843573571,4.807592952082426,4.363779607682101,6.36726425104113,3.4299453118837806,3.719421379998348,3.9320402498619695,5.5198096730838095,5.980132231341646,4.521488030771989,3.5855034653059947,5.286291592060871,4.441538355859135,4.911951963053375,5.086250092429097,6.914398079100501,6.071531871636632,2.9455830020481377,5.696188677941784,4.159020331780971,6.618764724527113,3.6580691432963954,7.286360674078772,6.946690614214333,5.361637362059247,5.938026475808083,5.135114922092179,6.571587597911472,4.208262611957219,5.978197118281612,3.439160763394261,4.623695278028398,5.263612148870401,3.174993808866322,3.141784104742957,5.417341808897836,6.766191266704309,6.082367717196314,4.5204123518997905,3.5995455863463395,5.698129089489217,6.104656015810345,5.706742136252286,3.2298923534094017,3.2787426797354584,2.8713411038537937,6.755660156916699,4.114053379053896,8.043433250377044,2.2901215765481546,3.551762165385087,4.98899844386656,6.601278370836871,2.696146109410151,7.033926831995716,3.9694964857704864,4.086385217040947,5.067406388643301,6.07281371347449,5.086338554618628,7.182191798286473,4.410524165912827,6.159634189617146,5.843278813469846,6.545835111727548,5.615555464853995,2.808315337513943,7.044233943746979,4.623212155162901,6.165109277873235,4.330688070294742,2.5041396927854915,3.096361914277452,7.907791640931755,4.149234909065271,5.648049673741609,8.571226417791415,NonInvasive
P1D7,6.742695557194855,7.326308316492661,7.739425356076845,6.496720009793398,6.590896361431819,6.807829963651924,5.261383248650279,6.952348828272299,6.922398786642416,7.753291527681725,5.724531409810917,7.372312601859999,4.945136307389056,6.649622952750098,5.32555815919046,5.023173382869462,5.538440461446144,6.477602159345356,6.880364673709709,6.421968456788589,3.128604024828062,6.632258728743228,4.39959119499966,3.939205293846146,6.197754402471606,3.9264679820506485,5.2297687553777745,6.615777734893525,6.3942367779123295,3.25854494883635,7.456832208404618,6.841000941215865,7.382676987821274,5.911953324862203,4.264742037807723,5.452113457276084,4.415527857126074,4.261740783780303,5.986286529455141,3.5051019652947275,5.199250447232862,7.081994167340213,7.372263080732434,5.896877886944138,4.697734549239632,5.299532281587998,4.501836295297394,6.12059751735106,5.807661677706047,6.404709224210109,5.261590615778818,5.997362211457853,7.473840826767432,6.334839757615875,7.603751375211704,7.040200522912414,5.665575319231602,6.49053134508925,8.256025456615033,5.067829624292791,5.888798798309519,6.197511405673485,5.20410330915422,7.057590162840338,8.728251483711981,3.0108421264668377,5.2411822046958285,6.468446350964129,5.715265110074321,5.8565589554842585,5.171032090052792,5.346613990141831,7.845211322895288,6.139765696015951,6.851800828979492,5.142773668942837,5.377975234911405,7.020600171872822,6.081345172503715,6.554603130427953,4.523038986240966,4.204313529658959,7.197949087716992,6.525976757269374,7.026991598952877,4.615539301953997,5.570697120162802,7.430989596789891,5.576867936714374,4.868129761062528,7.068020924048481,4.497870542581902,6.678742814094633,4.9962934146101965,4.460756610274091,5.850046091291155,8.471173237100313,7.030941126807528,5.458415097293475,4.837546610742229,5.189305092564551,5.443828187553428,2.614591087917385,6.204014969932031,7.154537356620622,11.310833481192264,4.806116471087689,7.765711604117179,8.208496496273682,6.143150667194297,4.393706233935553,6.780220019395841,5.210713234585986,8.125287759722156,7.33903678066434,6.490498880205513,6.479454818067309,6.157111259127079,8.073167131178858,7.0750817047197785,7.029280121549759,5.724585483885049,4.65848028125689,6.350869466042234,7.730797181672363,4.4043319008278505,4.896684318805507,4.024122116660155,5.3741838996144065,5.147778019541968,5.010566283102007,6.076169556782466,4.365675981027289,4.807592952082426,6.699131153130578,6.36726425104113,7.354093165830255,5.835027592131933,4.58707089250192,4.1715770774074015,6.885170797688215,6.857362597443078,7.522703295817127,4.813881009828478,7.14962467057104,6.290355738416631,3.1634305029144065,5.883838712771319,5.824687449849332,5.87458968980172,5.696188677941784,5.2906717909978,7.717042614794774,6.270161069086594,5.365846386012414,7.542027822556731,2.9761702040925897,5.444387265437217,5.83044145208453,6.966305260849866,7.144651612927612,4.375742945812307,3.439160763394261,5.165766235734847,5.956453917044852,6.890986052651854,5.573491401220739,6.816065366493202,4.6172387136476285,5.8543634787190015,5.716361473499177,4.508775107180243,4.221385918290913,7.901070561119596,7.523179004599365,4.9425759709544375,3.2787426797354584,5.6777259942687035,5.56152947419389,6.459372250481181,8.920386938515485,5.865412297766046,5.509667680574822,6.3539844885271215,6.966607868281859,3.7874259076497516,6.187080111112559,2.923936356495235,4.086385217040947,5.383495751918338,4.8626066569598585,5.637230150788019,6.466754613911446,5.6259318623759675,6.743257667148603,5.309322145926892,7.259519134425133,5.278296848382757,3.9286745471604334,6.441037097475705,6.689747961962878,2.9394555467529915,4.330688070294742,4.372611301106099,6.307820899111617,7.907791640931755,6.927416577529824,4.439195483346447,7.762913613356639,AfterTreatment
P1D8,8.54066219179689,7.546259914938604,6.305936757163231,5.963838204271605,6.199559520313052,5.418265038509122,5.5998860726752095,8.028124258266706,5.106111645448246,7.385326946038601,4.876960927378667,7.290369756647204,5.6423130593742314,4.673464040432613,6.094713266790768,4.3240517700938135,6.340842446920755,6.863061797179958,5.951427830937744,3.9057286224133305,7.073352689980814,8.359786150571974,3.222554248077395,2.7883849393427473,5.090845261556822,6.686125127986189,5.53817702600154,6.930844695315551,6.543347892236712,3.25854494883635,6.040302954444568,7.243220275515165,6.28108378324432,2.837356403650411,5.381429241562044,7.220001072601004,3.4380672414358404,3.071251667677963,7.857102662255581,6.468312854997684,6.4683288992206265,4.510036482791446,6.3991787193054215,6.288155857676474,5.926962887628976,3.3361144611910643,5.030873708420593,6.96639364077061,6.593250264677694,3.546186973294379,6.957794350940503,6.38905171322231,6.2213040295062925,6.334839757615875,8.985206280547343,7.965805628897696,5.907079623297778,3.5183795315701496,6.659754809600454,3.5995505292845476,3.415713974710484,3.1216165979211503,5.923832478322449,5.683757739314871,8.558615170972631,4.349240160116603,3.016688257808239,6.141470879892358,2.982915492010676,5.300011494259351,7.00441399810531,5.636381336645878,7.845211322895288,3.7837964875560117,3.0636177513059284,8.87538949433679,6.275187932239852,6.4476539005590645,5.327489218002389,6.226070177728635,3.580458123326221,7.127256933964524,4.981140076299843,3.745684773006587,6.161703893544317,2.1291324469397264,6.560357300549256,7.264378787523153,3.284699763230785,7.374997552563244,6.8369146132291,5.0644528586617685,8.434960923881127,8.082611251340438,4.460756610274091,6.65448683130286,4.701402996154677,7.385336638265176,6.441097589146368,3.003662551113259,6.141975826358111,2.737968465417099,2.614591087917385,6.522060685893438,8.219662266249372,11.288751461986438,5.516589604814762,6.991585538066703,7.20227555296232,5.198276761601948,3.3841462853188,3.4602290124398274,7.486489200459539,6.176697148458116,5.713849072997395,6.338380900063701,7.2718884510496835,5.46590112055937,8.330302883363546,6.2995270837353345,7.495561420058143,6.558561004057525,5.1338583523587245,3.559625078713876,6.536701458192443,3.482129891195566,6.804795898645834,2.9541381416849175,3.450248705692715,4.189934129193102,3.272803820203256,5.214226257955364,2.490751263177243,5.584819120888741,5.267216908918369,6.810131646646903,3.4299453118837806,4.630563381678729,5.955884264844745,5.1914756640936055,5.742075949786008,5.953722963978599,3.5855034653059947,5.652721707428656,3.509929055253515,6.737893190939019,3.1634305029144065,7.229610833714181,5.532732465825928,2.9455830020481377,6.635858552145281,3.0273688725641406,5.107719067314719,6.973122826804476,7.286360674078772,7.731956794859377,5.030899774072988,6.133930696247814,3.6397038954196193,6.409981960925284,4.750129518056322,5.386778961957919,6.5818456206232625,7.225204895047586,3.77354500030527,5.323319113963288,3.141784104742957,6.705284826324883,6.196432843138092,5.584691701978299,5.954328854496664,5.418004628014147,5.698129089489217,6.104656015810345,5.4602830799035385,3.2298923534094017,3.2787426797354584,5.392160620695476,6.887440212798573,3.0332239172667874,7.930189718373516,6.5625492981289675,6.082318333745388,2.6555393879821683,5.6361045822367455,6.155421225418783,7.2359951517552865,6.238283550796112,7.274442188168466,3.1036799025431563,6.2635384174724145,6.028093958580827,7.182191798286473,6.7871914979682835,3.6469876698590706,6.046279717010198,7.091177295900554,4.230675898775239,2.808315337513943,7.226533047862409,5.1438337696036225,5.436034220975104,7.536666547868265,6.73035996389207,3.096361914277452,7.192268225555882,6.679470185875568,3.5247325900389526,8.903988070220061,NonInvasive
U1C1,7.93108686117011,7.403665978935937,8.144600501582568,6.999418435925254,6.590896361431819,6.6697234243840455,6.927948829561897,8.372390339772362,5.106111645448246,7.544703966879423,3.054124906257319,7.290369756647204,6.283775798151986,5.450409957046029,3.420187704174072,3.1288954790260037,5.9977669600609165,5.005592828692216,7.630346406002307,7.222442782896639,5.41845971304996,8.113898753601486,5.576628141921926,5.7632124008006596,6.788227349966194,6.061630209870702,6.1877723453771925,6.779882731940043,5.820403651601378,6.110996766800795,5.809103564814391,5.616974536868563,7.222676794094488,2.837356403650411,5.740922225651767,8.040520850853788,6.685121122343125,3.071251667677963,5.491789544602472,5.675614710153648,5.571477435825109,5.721120658630007,6.922615327786241,6.288155857676474,5.11509303960889,5.299532281587998,5.406231726578868,5.909980733066815,6.365045650519265,3.546186973294379,5.261590615778818,6.822637936422776,4.080078231755189,4.376882685231181,9.125081666666611,7.130814979922583,3.5337035328395014,3.5183795315701496,6.903518167032328,6.3786934320475694,3.415713974710484,3.1216165979211503,5.491091143048494,5.386014863859618,7.260781874496015,3.0108421264668377,5.5992457539008225,7.84870577922176,5.096949732198973,5.606301664459405,6.432423075301866,2.7887016870119927,8.124751012602868,3.7837964875560117,6.03011305122131,7.368700315165299,2.9212877718875077,6.92450071772171,6.261224721317422,3.1645204908558484,6.016994307858225,3.198791199812318,7.197949087716992,6.659296309655041,4.977358198706009,2.1291324469397264,7.2314180644780155,6.5995318968776395,5.576867936714374,5.784059357270847,7.068020924048481,5.0644528586617685,8.726051954717748,5.868151520303132,5.04836726278047,7.7961137378131085,7.466376147777169,5.7686435983071025,5.716894402661273,5.317766586753919,7.17277138749337,5.750355424916586,4.413391849781321,6.522060685893438,5.670424995561508,11.613198820169726,5.516589604814762,7.765711604117179,8.162407864504024,6.143150667194297,3.3841462853188,5.312405154470969,7.699712104136248,5.741419189997766,6.535121477638597,5.975536783632636,4.856300363716331,4.284269583981269,6.866620398089875,6.972377704055955,5.683258240923507,5.724585483885049,3.98847252113182,5.719981332925334,5.962658342213386,3.482129891195566,7.639088223700108,6.345907095101547,5.683868295447386,5.708080776940921,3.272803820203256,6.463254396104919,2.490751263177243,4.807592952082426,6.699131153130578,6.676183425309864,4.460620921140023,3.719421379998348,6.361883814916064,8.106326441800247,6.989682132987646,5.05008333051412,5.700738772543982,5.286291592060871,5.918104162642105,6.290355738416631,4.124840297671751,6.789822162327415,5.17540844389203,2.9455830020481377,7.641671157233759,4.159020331780971,7.124538178719382,5.399463760489861,7.37034749222685,6.946690614214333,6.058264559063186,5.711871650577363,3.6397038954196193,5.458940998062307,5.432801084045622,4.967161102135999,5.584376914256081,7.767275852754036,4.713672699154392,4.249156461414806,6.283622090809978,5.933569056984965,5.772286381140631,7.479320686434775,4.5204123518997905,5.949869802250646,6.645437529180871,7.496956760881542,3.2846733707418254,6.263472505277219,4.810547581302463,2.8713411038537937,7.583408925628344,3.0332239172667874,8.148580807572085,5.37078572438967,6.803772834406935,5.671491466196841,6.454568969257574,5.969985504128953,6.524755331845373,6.672230212196176,5.860424334206565,5.860118510707219,5.2735068732719785,4.144583150656429,7.921229378214013,5.6259318623759675,6.855610662315666,6.515984657467836,6.998383310729764,5.278296848382757,2.808315337513943,7.461145652913476,3.733203626754865,5.718853525172028,3.2620285777702343,6.040762686964449,3.096361914277452,8.0140491611432,6.927416577529824,5.648049673741609,9.202966124000817,NonInvasive
U1C2,7.93108686117011,5.916814387483537,6.856316131131004,6.63911594077155,4.880180961593785,5.064086255249286,4.209897437375041,7.694731961690145,7.0440332935929195,4.571549935803983,6.027042408985935,6.666293633203699,4.391755987447111,4.056767372494575,3.420187704174072,3.1288954790260037,6.180053937569923,3.533583498039077,6.636022323214064,6.421968456788589,3.128604024828062,7.971804623899374,3.222554248077395,2.7883849393427473,3.65561918404458,6.061630209870702,5.2297687553777745,6.237309251512739,7.375210986692407,4.487029079867471,6.240576975330191,6.719346999310604,5.339490772394152,2.837356403650411,6.498116445316365,7.380679590682851,3.4380672414358404,4.261740783780303,4.14516133922605,7.545192626574195,7.281675057031759,7.2584859193133795,4.6095371342960725,4.954124590164431,6.5826861563995145,4.317823371389531,3.5974408640159186,7.067647704666625,5.022073090734402,5.758614681381678,5.261590615778818,7.766382784647437,3.0094653328796364,6.813531436302519,8.095519789019834,8.189138309586696,5.665575319231602,7.0353109085130665,7.010535019584161,6.3786934320475694,5.888798798309519,3.1216165979211503,3.4211720369104235,7.660678845500765,7.942785920200853,3.0108421264668377,3.016688257808239,7.217030360264889,2.982915492010676,7.019572649313609,6.249213156098907,4.991967420143082,7.488577513803428,6.936768482317412,3.0636177513059284,7.290903774745134,5.377975234911405,7.3464919575500325,4.393753714687357,7.9036526454182,5.46561984915571,3.198791199812318,2.6560890046522507,5.13583076513798,5.379477736497273,5.686376448241633,6.560357300549256,7.173085375227522,5.259065962193361,5.9877551579453305,6.703362220918047,5.0644528586617685,8.39432928422922,3.9163989569521673,7.64503200604295,6.5279947298285315,7.8569241173839774,6.389551304510546,6.124744486665,5.99459862856256,5.951075866036819,5.750355424916586,5.249786573095284,6.204014969932031,4.432610331075123,10.975083830131036,6.845546452468344,7.433124812173512,7.961859167483203,4.712544784008451,4.98426094610633,4.928043877364699,6.322357955783188,5.974657196935896,6.937079129151469,6.338380900063701,4.309666341797428,4.284269583981269,7.814404533505419,5.900837187069827,6.827758875448012,5.724585483885049,4.65848028125689,3.559625078713876,5.962658342213386,4.9437854945524276,3.3845416681861455,6.913549340457768,3.450248705692715,6.974281526109296,3.272803820203256,4.1466124052641895,2.490751263177243,5.584819120888741,3.460342306445834,5.462405817429016,6.853775574987241,5.163547285493765,6.1716048094103595,6.807976678529744,6.509545854360825,5.716034649902403,3.5855034653059947,5.652721707428656,5.67305886378807,7.173767959976338,6.047659887186441,7.558093324940968,4.714737657927874,2.9455830020481377,6.1523296435638475,3.0273688725641406,4.55003707424256,4.528766451893128,8.110243054094719,5.150706823462906,4.604504862863509,3.0831771156402232,3.6397038954196193,6.716148766259604,5.6764571124424155,5.386778961957919,3.439160763394261,4.623695278028398,3.77354500030527,3.174993808866322,7.422499445168873,6.129829548076982,3.743478883623423,7.107601567824592,6.329813523150774,4.508775107180243,3.1042728340696915,7.138319515930901,3.2846733707418254,5.7389285024802685,4.245203968800679,2.8713411038537937,4.787876285671217,5.194882840841004,7.1785406109914405,3.481885150287452,4.530714922979955,5.671491466196841,6.733993167800465,5.230019332325693,5.7517410356882355,3.9694964857704864,6.841990874079068,4.659896323613983,3.293443784871109,7.203336438119434,8.034036164456255,6.545352291644248,6.159634189617146,4.396517193669818,6.545835111727548,6.124098778499048,2.808315337513943,6.7149958070043,5.799739433554841,5.436034220975104,3.2620285777702343,5.813658349508957,3.096361914277452,6.272108192386424,7.7082588123356235,4.439195483346447,8.712966072542919,NonInvasive
U1C3,6.97915909991562,6.608161006746213,6.856316131131004,6.63911594077155,5.328148053057168,5.418265038509122,6.312869059925518,5.494935991008142,6.477227546842734,6.606778296801217,3.054124906257319,6.791033970057313,3.4457460820946726,3.002517455315682,3.420187704174072,5.023173382869462,6.180053937569923,6.477602159345356,7.347155753532727,7.222442782896639,5.41845971304996,7.695609280215814,3.222554248077395,3.939205293846146,5.4666728548528365,6.061630209870702,6.350561106789584,7.070613642459778,6.227544734070504,3.25854494883635,7.280178002383206,6.719346999310604,6.713681384316779,2.837356403650411,4.264742037807723,6.832462176751632,6.536544085037507,3.071251667677963,5.163846251502738,5.675614710153648,6.4683288992206265,6.342336107139401,6.810287684396153,3.459895967337353,5.11509303960889,3.3361144611910643,6.601777456077624,6.12059751735106,6.365045650519265,5.758614681381678,6.621319384132073,6.692869694271037,6.565964400403136,4.90470344613561,8.19712888146066,7.296186693325531,4.988932420080652,3.5183795315701496,7.517911469873479,6.20023069834229,3.415713974710484,3.1216165979211503,3.4211720369104235,5.386014863859618,7.942785920200853,3.0108421264668377,4.128935231252033,6.141470879892358,4.039932612104824,5.8565589554842585,7.510604141347981,2.7887016870119927,7.992483241201521,4.69520978960688,5.517168859541434,6.032254725217843,3.979325472724696,5.023029286007315,4.393753714687357,3.1645204908558484,5.76906311063114,3.198791199812318,5.919710789664837,6.8899997016256,6.161703893544317,2.1291324469397264,7.476782052155359,7.350135766412658,4.8493479572543094,4.868129761062528,7.068020924048481,4.497870542581902,7.856771982056523,5.868151520303132,6.2762935100780926,5.850046091291155,5.225265368711991,7.460846905461505,3.176697011106324,4.160714568933589,5.189305092564551,3.903318817176201,3.7495080093243476,6.522060685893438,7.154537356620622,10.988676393023704,6.845546452468344,5.392364123646596,8.014652984222193,2.857611263002477,7.328386554272612,5.85413194838027,6.120114096202778,5.127929364302043,7.1524628849566305,5.975536783632636,3.3751893090902025,4.284269583981269,7.259986355508904,7.0750817047197785,5.683258240923507,4.213017037485603,3.98847252113182,6.171629635191184,5.714563716891093,4.9437854945524276,6.685032433779943,4.024122116660155,5.683868295447386,5.708080776940921,3.272803820203256,4.771126474338967,4.365675981027289,3.136043639755425,3.460342306445834,7.596513681780003,3.4299453118837806,5.163547285493765,5.051822529636164,6.384680519593475,6.509545854360825,7.311441820974645,5.700738772543982,3.0098197886540015,5.918104162642105,5.629838349689229,3.1634305029144065,5.883838712771319,5.17540844389203,5.211771921180576,5.0036843107793185,3.0273688725641406,6.894769813888969,5.908789035497787,6.326103530045593,7.050388219557975,2.9761702040925897,6.3067304651094425,4.583203205966178,7.177809563371111,5.432801084045622,5.978197118281612,3.439160763394261,5.848694876346647,5.653800398003515,5.323319113963288,6.461581032247961,5.417341808897836,5.12835544884828,6.454086835806498,6.483544771468045,3.5995455863463395,5.698129089489217,5.860913642285979,4.769758034999464,4.310475406172964,5.777008870367684,2.8713411038537937,6.273357130180399,4.114053379053896,6.722166333422841,6.0679227247525915,4.530714922979955,4.504761938254644,7.255735600437742,3.7874259076497516,5.138165070469833,4.581109953645673,5.383945603099784,5.383495751918338,4.283475329071544,5.086338554618628,6.466754613911446,6.545352291644248,5.96058791331588,6.75608376572692,6.898709620957765,6.124098778499048,2.808315337513943,6.441037097475705,7.0266265347602666,2.9394555467529915,4.330688070294742,4.372611301106099,3.096361914277452,7.192268225555882,6.008621096854735,4.974121984232303,8.607888387523497,NonInvasive
U1C4,7.704957705986271,7.848260309268895,8.100091512283747,7.605194037930765,3.169465561755753,7.264445831717797,7.049371485204505,8.922852502791843,3.570345074625724,7.816239654804104,5.354287869471854,7.723722486903709,7.312526417677512,3.002517455315682,4.3728729316822665,3.1288954790260037,3.3413573128342446,3.533583498039077,7.967151110829517,8.06802952637488,5.41845971304996,8.881406312977493,3.222554248077395,2.7883849393427473,3.65561918404458,2.8588868681406217,7.816799699933959,7.544597102297457,7.8401252591829955,3.25854494883635,7.280178002383206,7.152986494913609,6.28108378324432,2.837356403650411,3.148054834053402,7.83379484322381,3.4380672414358404,3.071251667677963,6.896058536609093,7.24425779813582,8.178526520427274,8.174635731487356,7.515850205873397,6.839631183723846,3.103908551005103,3.3361144611910643,5.9352691397020685,8.108963170263163,4.464689117921184,5.0564038316872,6.957794350940503,6.822637936422776,5.77695952926131,4.376882685231181,8.585475505738108,8.10401911115274,6.111268602964523,3.5183795315701496,8.811568319817756,5.994210591880466,7.357051059062259,3.1216165979211503,4.312637673032322,7.660678845500765,7.500368843516439,3.0108421264668377,7.004051949144841,6.315203404144688,2.982915492010676,5.606301664459405,5.171032090052792,2.7887016870119927,8.35467448455774,3.7837964875560117,7.843606621286014,7.024450578819234,2.9212877718875077,7.823338774712678,5.327489218002389,6.554603130427953,4.523038986240966,3.198791199812318,5.919710789664837,5.13583076513798,7.762360024083527,5.523605889430042,7.040764901890983,6.094994883345674,6.5640510361956625,8.114477820320262,3.918214512445387,5.466449409400495,7.602249015117568,5.627991177076753,4.460756610274091,7.94103894882959,3.8058543551537842,6.545150942361101,4.734211910808381,3.003662551113259,7.515256172095812,3.903318817176201,5.5483087711882835,7.467682236682943,7.323619906964428,11.811192170035936,7.512552517420351,7.506484241643534,9.772756357070085,5.5750397539683,7.227899324797017,3.4602290124398274,6.322357955783188,5.465557179034648,8.687475517870107,6.753732092217101,6.833165236610649,3.1026380474031665,8.330302883363546,7.63700355363933,6.827758875448012,4.213017037485603,4.65848028125689,6.508970201556439,7.0782297444733615,6.5456186561546374,7.758851688565999,2.9541381416849175,7.382255512757055,6.7765338144699605,3.272803820203256,5.557921151627591,3.673697053375407,5.86222314779144,3.460342306445834,6.810131646646903,3.4299453118837806,8.145731908024134,6.68606819472838,5.5198096730838095,7.485179702340458,7.456444058539349,7.144611496060099,3.0098197886540015,6.849713463247724,5.886063091603496,6.721069492844361,3.7802102877440524,6.93463724177079,2.9455830020481377,7.641671157233759,4.820993999309193,5.503400738382798,6.270161069086594,7.727533168069964,6.24840531079173,7.747104520025905,3.0831771156402232,3.6397038954196193,8.583493087681221,7.144651612927612,3.3647069296666943,3.439160763394261,4.623695278028398,7.616282035381246,3.174993808866322,3.141784104742957,6.5839384740711875,6.646046211164837,6.879597329347279,5.049628268871173,6.327234148848051,5.338499002512133,6.104656015810345,7.836524327364726,3.2298923534094017,4.810547581302463,6.128314722966621,4.787876285671217,3.0332239172667874,6.967976347211657,2.2901215765481546,4.530714922979955,5.364601458045822,7.340152442289062,5.230019332325693,4.70282599504551,2.923936356495235,4.660564834828978,3.1036799025431563,3.293443784871109,7.203336438119434,8.498886590963215,6.545352291644248,7.1437436307820175,8.496702944810819,4.381174407498671,6.663176414461512,5.049033756806924,7.83581104151145,7.29323774038701,2.9394555467529915,5.3993475628192495,4.372611301106099,3.096361914277452,8.370172370940752,6.381629070820441,7.771366757444264,9.321959946687114,Invasive
U1C5,8.03090215870563,7.546259914938604,6.608832383991121,6.888699164286095,6.407489298707876,3.9639064670150312,6.65137188395045,7.978058153006366,4.539305898698061,8.042287338025474,4.204206387864586,6.905783956361546,5.337765892799547,5.11101728967347,5.882843292273757,4.3240517700938135,6.484672669691371,6.863061797179958,5.951427830937744,6.7469410027721,6.087165523692625,8.467735497771539,3.222554248077395,3.939205293846146,6.901898932365079,6.686125127986189,6.1877723453771925,5.76332579167506,6.801377860381455,3.25854494883635,7.537923699993856,5.30498898317082,8.121141370933787,2.837356403650411,3.148054834053402,6.832462176751632,5.9647662789269065,3.071251667677963,5.491789544602472,7.06417530642171,6.295554879152045,6.498012865294438,5.504357926800747,6.591654630457544,5.438821435050505,4.317823371389531,6.726135014742168,7.161912982947598,5.454413688391947,5.758614681381678,6.957794350940503,6.5494175579180585,4.080078231755189,6.007687136813537,7.674627955646985,6.839281676065024,3.5337035328395014,6.694485043025086,7.201860404857202,7.027567455875953,6.953898457960696,5.884521889214861,4.312637673032322,5.927031382033192,7.171408473908805,3.0108421264668377,3.016688257808239,5.940911399494308,2.982915492010676,5.606301664459405,6.041506880594438,5.636381336645878,7.091730579392333,3.7837964875560117,6.973824097228194,7.208084723377862,3.979325472724696,7.483118122718798,7.194960224632455,6.226070177728635,4.523038986240966,4.204313529658959,6.341207765475222,6.659296309655041,5.691385882009576,2.1291324469397264,6.241757884091562,4.896443823573961,4.271882862712074,7.1602438874746035,6.1894046453651,6.248436324927463,8.124758331360516,5.868151520303132,5.788669133633528,6.388164198972975,7.799492280860823,6.8102509830174025,4.734211910808381,5.690254138536396,4.827639298722138,3.903318817176201,4.884424930731311,4.61860700919331,6.124964427418899,11.359382106619389,5.20623419036942,5.69512951882929,8.49567418616041,5.5750397539683,3.3841462853188,4.928043877364699,7.029514957819568,6.51432496319072,6.6823342152105685,6.168327466221296,5.244143374504652,4.975479722548977,7.342882248884344,6.972377704055955,6.123128531982442,6.7884088637834665,2.843086689904916,5.964712435911277,6.177567681952066,4.4043319008278505,7.111933261511091,4.650022618393232,6.645835892408231,4.750236886592056,5.46561590516813,5.557921151627591,5.237466328167091,5.86222314779144,4.363779607682101,6.185945110077185,3.4299453118837806,6.074689287174146,5.051822529636164,6.679947909306945,6.355757174669035,5.425127664236468,6.142954001418595,3.0098197886540015,4.986494862036485,6.60394947823935,6.047659887186441,5.883838712771319,4.065458651970571,6.126581310267564,5.0036843107793185,3.0273688725641406,5.8103152865142995,6.270161069086594,6.489275226630422,7.608479744946333,5.860347789983477,4.100094975842753,4.583203205966178,5.765107803396628,6.987245395115501,5.712259860498184,3.439160763394261,7.31744225696597,4.713672699154392,5.669122250297377,3.141784104742957,5.70144216456295,4.6172387136476285,7.559291502172519,6.329813523150774,5.418004628014147,6.645437529180871,6.787569502198014,3.2846733707418254,3.2298923534094017,3.2787426797354584,3.956998976891403,5.223575166616721,3.0332239172667874,8.043433250377044,3.481885150287452,3.551762165385087,6.691760407343168,5.32538802323749,2.696146109410151,7.573670372488099,4.581109953645673,5.067951756913448,4.659896323613983,6.2635384174724145,4.144583150656429,7.083951582736455,6.072243204191171,5.96058791331588,6.046279717010198,7.091177295900554,4.230675898775239,2.808315337513943,7.5311720446869295,6.554463912452379,4.014673457126405,6.262135064112492,6.241082909426707,3.096361914277452,6.272108192386424,5.509219498083398,6.268121269961437,8.37373942401376,Invasive
U1C6,8.60394102328729,6.854913295675928,6.856316131131004,7.7411082821063335,6.590896361431819,5.952321822428505,7.049371485204505,7.815414607199699,6.2905620133661895,7.816239654804104,5.724531409810917,7.290369756647204,5.6423130593742314,4.056767372494575,5.32555815919046,4.3240517700938135,4.8410998798775005,5.934327312936087,7.26590829792177,7.118940239576649,6.883368586465435,8.200938428151744,3.222554248077395,6.240846002852942,6.788227349966194,6.243038932191649,6.627909485390967,7.070613642459778,6.3942367779123295,4.487029079867471,6.968754825698394,6.719346999310604,6.28108378324432,4.026772853735872,7.280288515565806,7.302573127349088,3.4380672414358404,4.958132274216847,7.004971441731829,6.738940444080365,7.096519285455807,7.414162677468417,5.792425879797376,6.106539075337896,6.120685283910783,6.2812411917864654,6.601777456077624,6.96639364077061,6.106328597065012,6.221149143600865,7.783555225469721,7.050088088709899,4.706346630385758,5.569678961991139,8.19712888146066,7.130814979922583,6.583722522448728,6.694485043025086,8.295938775997667,7.730683107048835,6.1689566544396435,5.007592864536344,5.20410330915422,6.608631585940245,7.829329213124071,3.0108421264668377,4.128935231252033,7.133061789516354,5.096949732198973,6.068148480176646,7.822744694502674,4.991967420143082,9.004372942197538,6.139765696015951,6.57385580589346,6.401422718470126,5.037363173561884,7.416603583877672,6.261224721317422,6.226070177728635,5.76906311063114,4.204313529658959,6.823699456711328,6.8899997016256,5.946233393091996,3.826369168184885,7.139271394532267,6.970661085236543,5.576867936714374,6.164204486396629,8.22948846746543,4.497870542581902,8.790895621099756,6.4238362377014955,6.2762935100780926,7.151765945934834,7.610080066888484,6.21314698432753,3.176697011106324,5.317766586753919,6.737975458596109,5.750355424916586,5.249786573095284,5.495804919459765,6.735549905190258,11.873141026329558,6.9486182655501665,6.3328393415322175,8.162407864504024,4.027944012302212,3.3841462853188,6.2384932254865415,6.120114096202778,6.354909015693487,6.815504334964338,7.491254698354716,5.544977785360084,4.284269583981269,8.51288883200324,7.344156661927709,6.123128531982442,6.558561004057525,6.4738738726088645,4.4900398744899945,7.0782297444733615,4.4043319008278505,5.85074010872567,4.650022618393232,5.936898870745344,6.268383534339874,3.272803820203256,6.281840110646538,3.673697053375407,6.299934226882467,5.558058758155541,6.810131646646903,3.4299453118837806,6.607673190989182,5.412311905652498,7.320476065644796,7.552153082479146,6.48231826372073,5.029376188822111,5.9521169115319115,5.373147656464754,4.911951963053375,6.047659887186441,7.404144085968436,5.17540844389203,4.7414952302355005,6.493025824449228,3.0273688725641406,7.493511961473811,6.670186942918329,7.727533168069964,8.044389101543157,2.9761702040925897,5.711871650577363,4.583203205966178,6.01526429798689,6.218324018541518,5.712259860498184,3.439160763394261,7.484774299634678,6.753679297435532,6.743284902845861,5.848961897184466,6.449796305072095,6.196432843138092,6.609925552606576,5.716361473499177,5.949869802250646,4.874855181625282,7.237393116153827,8.051545168707905,6.471641511700087,4.810547581302463,3.956998976891403,7.501523295416748,4.746298083873984,8.546296731814918,2.2901215765481546,6.082318333745388,7.097692798902832,7.255735600437742,3.7874259076497516,6.524755331845373,2.923936356495235,6.365512142972285,5.383495751918338,6.2635384174724145,6.028093958580827,7.521859801105691,5.6259318623759675,6.743257667148603,4.396517193669818,6.998383310729764,6.5039347893633295,2.808315337513943,7.889355760323124,6.689747961962878,4.6436356147986135,4.955813799461279,5.241401123188419,3.096361914277452,7.961983259804759,7.03740972331479,7.006417387912281,9.100761502352663,Invasive
U2T0,7.435294778273491,7.641441085709918,8.177700618576523,6.516012271947284,5.418385356559242,7.097687430456913,6.854242693168995,8.057050470870012,4.754038426242008,7.547822937543673,5.625297764518116,7.588831336661217,5.823640614857346,3.855767831345621,4.4586895960125235,2.77737447873642,6.530142439312833,5.398635324161212,7.135762543253586,6.530963466649167,5.459068101472822,7.757618867492482,1.8630073784272703,4.696628470913349,5.892478205048926,5.965366144587966,5.474157382607405,7.1060110637540745,7.181973426945454,1.0153226777113147,7.50308994934945,5.8184798791810675,6.769103076552774,2.21701253235207,5.1025143339096655,7.639381769684302,6.0497587203419005,4.445949010287471,6.681474526965191,4.930419111899832,6.806790871718404,6.72175042392578,6.765469155046977,4.878715405910984,5.4565763083550785,5.560831487351647,5.979985692052427,6.647471942826577,6.755694278238321,5.543660889713763,6.836619904360061,6.57834054281571,3.246244042654981,4.850302189482177,8.45957391607116,7.672009577467701,6.757136185938068,5.620202900177425,8.198318633704002,6.876284505456978,5.419608397733457,1.1388428293002881,4.1730374452336285,6.039950579732837,8.479719600806133,3.4491675643023565,4.257053059000545,6.367031780890288,5.093875109212981,6.742320636447287,7.545922565821215,5.58957596837368,8.232487761587398,5.100825777755352,4.351308632179041,7.301937246261447,6.8871296566464615,7.073317634955771,5.151739358254783,6.160114836518922,5.018114342160299,4.119813195045723,6.904996808810422,5.71572855908908,6.832883655073333,2.150418025878717,7.563719174665685,7.397395385511635,4.948395042463829,6.617497769397229,6.548972885011638,5.803655667750812,8.33280907665534,6.397682527265006,6.180131033679112,6.634397106083377,7.673168026332977,7.125023542492762,5.020145331414799,5.762213395672971,6.471086062594178,4.895160979812204,5.6570931255809125,6.870812250516035,6.932227370488658,11.754512246209933,5.968426899982891,7.519974850723697,8.803828470126764,5.8756498825983385,2.119838486802201,6.084060497142545,7.045536509612273,6.919365257581868,7.029246153583831,6.602524011238133,6.524790175364592,5.5901342107630185,8.443518197860357,7.106959748568537,6.522698843553609,6.0134997681264695,4.593476633002243,5.551334242539899,6.63829193241566,4.629654874807479,6.732348432395275,5.536495933445366,5.462739945802507,6.068158117310504,3.4963367664497818,5.2924400623009875,1.7097267392350048,6.608345788224105,4.093439500296155,7.361115295074287,5.711339387670238,5.63410015153843,5.413131593937308,6.990014194987072,6.262318044549874,6.240361189568462,6.152007626328846,4.805148642653425,4.2275456680298955,5.528080023694258,5.097666917174203,6.552011244175878,5.848345634108346,4.789368544432989,6.8457293114784505,3.568684333608374,6.364174626042594,6.126024447670309,7.408011413652519,7.186872457147183,3.773789056728785,4.58916797551338,6.572858186900481,6.856105556092617,5.893238558370815,4.42608567074288,0.9462141061640015,7.164580260470604,6.6441013929797315,4.60069348214545,4.840316119428483,6.235526247372539,5.863091589449705,6.197472774542767,5.586886402370237,5.71588631645006,5.932610655709986,6.792655688958693,5.523112533169818,3.9767003942632453,4.485576455948305,4.542948539564771,7.207936322811188,3.6075328833486475,8.531061194887322,1.8838702425197056,6.378280339019669,6.3718918998579515,6.433858546483663,4.911889371707719,7.561492492390691,3.7692936807974364,5.901081977202912,5.3695571988269375,5.487345103290416,5.415742746375491,7.6915892333624996,5.964881993200965,5.989867826716251,6.161776206563964,6.6280154796126585,6.182147848368135,3.37775632657151,7.521706856780476,6.21728843334275,4.049438203845284,5.627105462032601,5.864202188047378,4.849158325819124,8.050135834439784,5.6531880353332475,4.913990826024802,9.258872288767165,NonInvasive
U2T1,7.947089059464824,7.229386137530517,7.708153509930035,7.578785393885264,6.293487482996369,6.479020969273298,6.681482849887672,8.279058852328797,6.849490686681968,7.862286904127172,5.563588278667613,6.894637602073514,5.004667566579537,4.9001851214143874,5.017233716244841,3.730600658084868,5.189079306105663,6.222039512789147,7.090551079401594,6.867105149102549,5.746364467764527,8.02861085097858,3.988687710755422,5.156580761708899,4.979863838197444,5.5987731390738436,6.566933235503948,6.066290339984717,6.922486116937867,4.064227857633676,6.872294523867927,6.481822533230922,5.8589244742101005,4.505423251020796,5.008011433257398,7.099254631737008,5.386414218208895,1.9990105967438736,6.536430720839084,4.7947643676370735,6.755352036821646,6.992438849174221,7.040138219940641,6.35497212176397,5.50571115910078,4.914095864387897,5.449229096597329,6.885831445793032,6.365550264916431,5.126818721282042,7.363637317893566,7.120767055908793,6.614036052530672,5.061954356421697,9.007483786224928,7.949021846989183,5.945987735371668,5.695083812155657,7.689727996479268,6.070845275117982,5.881917185682177,5.672663554938216,5.359596565743714,7.008442733739374,7.74542265807975,1.2933351688599242,5.110410633827101,7.142524486397599,4.5723707585708855,5.73893484179902,6.908998475551957,6.282811330600785,7.876115384770779,3.4794248044306237,4.8719152739448806,7.342756008134881,4.6818511437935175,7.267577329881325,6.5197817822261985,5.266411230036102,4.052131192549039,4.345706466294882,6.706841111840939,6.0527388249489,6.299110771153474,2.150418025878717,7.052685012516507,7.600012769196949,6.28024915246899,5.80403994187151,6.9213942008088445,5.683494142638116,8.690463220052203,6.211499527380637,6.910379975948841,6.829768425709929,7.080596553558019,7.341097234580706,5.2735877128229784,5.2898463296316045,7.023986730420358,5.915814370744072,4.979946366253193,6.272099417641645,7.250419456014333,11.77776694861562,6.546442836788925,6.770755748261932,8.5370405360473,5.630659864004318,5.4289453307272835,5.213072260640566,6.766417859342516,6.225039557451792,7.448214108087994,6.76705267387595,5.956622067208283,6.452080988425367,8.21186482955106,7.506019734610957,6.475371806422794,5.010248672263582,5.628184680776174,5.245528399844451,5.85579358082869,5.424409139854992,7.178292508131948,5.064346093980559,5.133066478337161,6.233700796773544,4.002213332348307,6.0479016858490535,5.819486150957092,5.399730055206941,4.6080913552578995,7.119987208744199,4.48952201749921,6.3440838623836715,6.467017312809203,7.121270663474899,6.979089440756704,6.18506895111571,6.122899051476402,5.4370473790132845,5.31587750179585,5.866249782314036,4.367393447682451,7.584432004032152,5.408195179208098,5.664513279362659,6.880109972817182,3.568684333608374,6.40490650888184,5.76166637174196,7.183889714292352,7.637262101009139,6.25727454576543,6.149725884089008,4.709785197020279,6.6041839413411605,5.599783196536444,5.439824771290207,5.390582060962591,6.692477622767118,5.9790330932648015,4.8686086647379,5.2959623151324795,5.769181627329104,5.646641299258588,6.856314683898784,6.2993763993308995,6.324381106134929,6.488544804516575,7.5459932525340605,8.163664972208382,5.636899702675699,6.014258266798624,3.7666662802448565,7.0082031699229645,4.38810985129278,8.270713177670077,5.777889231522277,5.736021940143427,5.479355947907129,6.8142253646971,5.270677310578469,6.700884601519631,4.354925818380147,5.679532566729218,4.404241765950685,5.610892249894873,5.694524953040306,7.891274529394623,6.521763108223327,6.419628307505082,6.655971247245986,7.308184816321273,3.9942064678646716,3.6011446218100582,7.0119162593496185,7.05851315946528,5.180473798348511,4.428010264677744,6.25675395516202,1.1969281877853382,8.027969316841023,5.880295304127944,5.563453526800226,9.362807681675068,Invasive
U2T2,7.573935078994195,6.505037420449858,7.905639144885134,6.72349774269108,6.0553900942245775,5.8292256064759,6.953268483797695,8.157233626497332,6.370170311975546,7.917895832826618,5.625297764518116,6.728617568059265,6.078799114717246,6.163419626635248,4.370888661927402,4.406925395544398,6.172741093220287,6.195373930968733,7.381668597273389,6.92384763046697,5.657066936785917,8.366100499418986,4.859442891234682,4.209687536172698,5.618051971114928,5.774817990825824,6.368249774449941,7.162971790539046,6.6242581812861,6.22672250634872,6.8400881038792445,6.459595988033952,6.689365688620589,3.847309222441738,5.272153511340192,7.146937449647339,5.4687966819208125,4.872990297669448,6.558141154853612,6.360231753557525,6.222928388457856,7.088655080072087,5.758222071624205,6.472746801707514,5.179886873877655,5.199355916652262,5.152592550407052,6.586438953937833,6.598948238982022,5.220332984680818,6.088567521779182,7.5044952045256625,5.126862546839838,6.566281931036713,8.544914203198758,8.217041041708521,4.224681402369264,4.505384796616031,7.516046885745325,6.396931366610069,6.091869741401537,4.723983025403255,5.234654185121979,6.836504273863001,8.102656218665018,1.2933351688599242,5.937848625167247,7.248672936305725,3.680853182659316,6.21163821465932,6.8943858726866605,1.4617403167950607,8.033853758869833,4.067688035624505,6.459886285768022,6.897266633393057,4.93112644062591,7.608906231082589,6.848339066286037,5.368619306269537,5.525507937391783,4.44591648084915,6.802397369272926,5.892673056695951,6.34469489665711,2.150418025878717,7.367691416991153,7.075875736755043,5.2438316524191535,6.004650062320892,7.525755026146177,5.287975372469537,8.53201035953339,6.446192156466767,6.180131033679112,6.383288154091419,7.286203253601821,6.821419509540908,3.9101521103120422,4.499283914303582,6.698268614724482,4.136542537738399,1.6250562636353183,6.297677855013845,5.796660408933213,11.785595364042303,6.570006393210974,7.4285405732807686,8.39576695368433,4.83925383401966,5.737184100999775,5.952342373114311,6.61426445783591,6.225039557451792,6.198773224954296,6.580479656749651,6.0276900639988655,5.645195536898424,8.154841499762695,7.3451000267687085,6.894312352097209,6.151450329013601,5.890122204509467,5.145357885929392,6.2097475486567895,4.7822392311364705,5.466022207453772,4.999167148706081,5.658952212004859,6.16975096846922,4.436776481808923,6.316240213938901,5.539260259767991,5.399730055206941,5.7042958014184535,6.562898778791112,3.643319647983069,6.747496016127819,7.012272759695485,7.049950766098927,6.995422411793005,5.7317777715837,6.289908592113534,5.70753454613398,5.540056935383664,6.023972157912796,4.587766401865997,6.074639445821282,5.817102495528709,2.962580064553139,6.897005034493176,3.568684333608374,6.991162921786163,5.63523794195015,6.996925090288649,7.709787026046264,5.896776979983137,3.9986382147976745,5.5722229720956165,6.528889075056647,6.316898442634729,6.607307269646114,4.962452339041059,6.104665521542422,6.266944261067765,5.890047019163283,5.196169439521725,5.844402655889926,6.199790258754657,7.282487835824279,6.057594247082175,6.398208411408804,5.907249277032028,6.2995816546069605,5.819870563683255,5.726009153259167,2.924971415699164,5.5491002081361405,7.560281044423974,3.77590918030173,8.210670891962256,1.8838702425197056,6.7618428390759036,6.32776609954672,6.685616317296466,3.961372517896522,6.859852859659457,5.1927535010217145,5.090566635401448,3.653605169545225,5.35162702345119,6.610366115182549,7.790962114649879,6.124439587929462,6.7987039168997185,6.161776206563964,6.242368876600501,5.074826408010211,3.9536251998928944,7.207396211267456,6.569664920889634,3.9003957542258054,4.712362120930672,5.627027808910643,2.4594571205468867,7.270930394416956,6.461709241701103,5.472434448461486,9.273836485372241,Invasive
U2T3,7.322775690615863,6.310511891888799,7.603815641309616,6.348242565128453,4.886601041034143,5.898374909023286,5.866101436376731,8.251254944426227,5.93628202478834,7.744385532904257,2.0212185071007727,6.239044121729647,5.064408756892222,4.377976476380004,4.177498902934433,4.068763026814633,6.34858168799132,6.168227862446029,7.090551079401594,6.634406305443482,5.459068101472822,8.1775183941217,3.885460477450869,1.4444115233146329,5.1900376569571645,6.305130809745755,5.009954866593521,7.129143539491944,6.665220705986334,5.247838566814033,6.252893755972661,7.296620297836554,6.538526639045539,5.13928878186271,1.0554518290876873,7.859672246673849,5.995902159245492,5.061670085936727,6.130259170584047,6.672961542489272,5.64420974473426,7.073031002345939,6.363580751521727,5.931677295873092,1.940187712194572,4.709890514399184,5.88032629945004,6.31293463353518,5.999497857410878,5.8956821715443475,7.218155073258581,6.995733363618584,3.992328742043447,5.306288851699384,8.758822959359879,7.557859278520834,5.435806970091408,5.594240561134681,7.445384546620113,5.72650489611037,5.573751331345841,4.542459712696598,5.359596565743714,6.57903937569851,8.3415645050697,1.2933351688599242,5.300190891158577,6.924038706502456,4.374104006199911,6.100146913813289,7.085022396130068,6.121002940944498,7.502933123192554,4.493104427477015,5.392521915710722,6.628869748655477,3.9633650744777635,6.791308674276387,4.760023681297703,0.9915846315735855,5.694117373297015,6.024771315118164,6.1719820726353625,5.824115805750488,6.513610442488144,2.150418025878717,7.344056938165396,6.822594684884571,6.727607916171138,5.4705105264832685,7.024359310084362,4.035950370574183,8.583664324500893,6.7228294928803365,5.383779684938354,6.611063401102255,6.283173460857425,6.7490770018182875,2.382988128276717,5.369822125898086,6.677357476007801,5.3551858822468645,5.61308751865273,6.192894952228517,6.260214980373595,11.586111124745395,6.724870745581628,6.509382243346014,8.30329252205247,5.321808670592397,5.308241993030368,6.779702129882903,7.4968964808775045,5.479051679507581,7.499054755501133,7.264085800039622,5.333300211018928,5.2306941676004115,8.306475397934431,7.092474832699896,6.983575086868134,5.333223386248379,4.5040485678583195,5.470125219914184,6.377239818302225,4.707855153064868,5.845520337320593,1.257636615746041,5.798585657929587,4.522324409641147,3.3297369752723838,4.8922106510497425,1.7097267392350048,4.460159828581203,5.41595631625025,6.82232018920687,4.418241291873484,5.798138304405741,6.711419603844286,6.774218499566302,6.18231155994858,6.395469974549199,5.072594882156087,5.398562666296724,5.6600577431892685,6.787219607412771,4.243002467271138,6.04907881491856,6.538932813877967,1.278845853771093,7.3053909000690975,5.91303604689638,6.322261945897225,6.190409563981438,7.0571007402220545,6.877141030739544,4.5903553581151755,6.814527302431248,4.522219988265973,6.548082735332361,5.979630128900203,5.658394626107785,0.9462141061640015,6.054283039563135,5.732459767339121,5.139395610464374,5.6324620306812125,6.502974416742367,5.72190800617807,6.11742718595613,5.905194917750626,5.2414167821412025,5.800226737434646,7.2104748147909135,4.195208734848863,5.7543667407126,2.924971415699164,1.3264726601487515,6.262703410536863,3.6075328833486475,8.054407186936103,1.8838702425197056,5.874514839133944,6.305074739087511,7.582635980485119,5.734079570704498,6.623451625080483,4.354925818380147,6.352060971731877,5.183593932021495,4.442733436341509,4.818431061971962,7.825275908494763,6.349206322207532,6.342371324280759,6.4554529594838375,7.607028966007199,5.886619979882052,3.7900167342580158,7.661438860407179,5.867448447817847,5.290577844309187,4.712362120930672,3.6338587322364755,4.052591257395045,7.786340198184073,6.5897003186838905,5.563453526800226,9.237615943593628,Invasive
U2T4,7.595912783456827,7.324102432060998,7.431839583790778,5.740270775741793,6.031341643345533,5.410530576609843,6.5946195647210075,7.43702425353413,6.835398991187272,7.389515147744426,4.85009038779573,7.176382585077631,5.677172883060514,4.969819646792075,5.6612596798110175,5.292963430521448,5.655161242307097,4.399338780179989,6.946112219710633,7.745387945486913,4.698006661809205,7.449702144274847,3.349241244598452,4.324149735548524,6.098712182948345,5.929468021471793,5.615730791605323,6.873063507384531,6.53853109372869,4.417035537376492,6.79023641532021,6.267931606886346,7.128917010545102,4.864555269761192,5.272153511340192,7.428105637871125,6.246587221817702,4.445949010287471,6.64161597681726,6.712728537366358,6.51114384174023,6.681775229954852,5.122916756449426,4.878715405910984,5.643225634053204,2.1388212581659194,5.81020739038048,6.4786558641104435,6.46487977943343,4.919470152567927,6.464998441927925,7.066522148183974,5.126862546839838,5.517941018638906,8.438630045627328,7.446373709378854,5.435806970091408,5.300907176701057,7.5388834918665975,6.526584849177251,5.573751331345841,3.248766151028545,4.510129513677594,6.761850639082807,8.027805259770167,4.217090557759255,4.822799274452214,6.6487803976859485,4.0040907809304365,5.662116940209527,6.616006782379763,2.32039038913294,8.270871475440112,4.723176679235673,5.392521915710722,7.080892150489182,4.6818511437935175,6.87155214698854,6.242970649869152,6.186945032929316,4.545159127278305,1.8146248843979085,6.3853071719784165,6.723475539325932,4.4081334793223945,2.150418025878717,6.756810058864524,6.5968234368989105,5.8738900065167154,6.566075528538324,7.121339573218355,4.466857711505979,8.269700512506317,5.922908595645705,5.630794505666822,6.35574996780894,7.095152273986981,7.110454764683345,4.873685305160796,5.204153275802527,4.9386164180782846,5.306492698489839,2.9544000153077894,6.660730706881587,6.694564000758335,11.577517032838177,6.10429753783825,7.368372828427109,8.237914874539369,4.964646193060622,5.706218307715247,5.952342373114311,6.798287956497864,6.401541608794156,7.001082555375195,6.747545892295152,5.720528770643853,5.671794522912866,8.273402147454329,7.772530537957197,6.739947510114595,6.049239494602736,5.628184680776174,5.245528399844451,6.807099397324002,5.561029254208178,6.26163953980897,5.397735209261398,5.798585657929587,6.102825680460106,3.7747407306476592,5.809816598971834,4.1538811695661355,3.8901090842469235,4.774717822122522,6.887677001864001,4.48952201749921,5.668319604980551,5.989994588274078,5.327265983867905,6.63103359222397,5.768854002421232,4.889175670045682,6.469512987873818,4.731988125966053,5.081527930030158,5.2974698123554536,6.7454548389183575,5.408195179208098,4.394124327956507,6.620743876003965,3.8747001269557853,7.345582106310351,6.158520727227355,6.934103522657569,7.054899690235347,5.0909350186635045,3.2130343482076387,4.227783250498167,6.428911493565678,3.504481052419259,6.391664268204382,3.488485238411509,6.495457310251224,5.759055242923951,5.993605196491147,6.094950814467197,5.227782454071638,5.053670805082344,6.197472774542767,5.236890358514756,4.775055139715889,5.483101241731591,6.761221470255403,4.323883850107906,5.10977655623581,4.7445685894002825,1.3264726601487515,4.975746334139453,4.798450952765746,7.983443316453075,1.8838702425197056,4.645645150507921,4.741919049663494,6.289030186876618,4.27480388663953,6.940413984841632,3.7692936807974364,4.049827138756148,4.15033059462189,6.376788628135394,4.9077403372939745,8.057042627734358,6.521763108223327,7.105288177391747,5.580305096649222,6.6505083096032145,6.297037413507708,4.723823849300266,7.207396211267456,5.622162133093221,1.2690740236785225,5.388541769776138,3.849346110382355,2.4594571205468867,7.307341566347748,7.27288528937382,6.497048608663423,8.976198755009408,Invasive
U2T5,7.680912045198243,6.257608812852441,6.96229247514429,7.213449726663594,5.700105316955026,4.855185524547792,6.173595550859316,6.915315208913636,3.4252574807561467,7.224744736262039,4.729682860000237,5.200907933878538,5.858076461034264,4.665368632325685,4.277419337574191,3.8544490482253826,5.822609737292891,4.485451705501001,7.028067040603778,6.867105149102549,5.947242870199426,7.600719829262665,4.17156664844285,4.613771888039796,5.4185491464615865,2.2821680198320613,5.474157382607405,6.70251875515703,6.100559683157235,4.686930973857185,5.9360205764200575,6.608297231470484,5.348242364603571,1.4018641873072357,2.7577265949914316,5.947928611229747,4.457737341315794,1.1833644588960075,3.8241389227936544,5.422866906819488,5.206109740607518,6.006306300328122,5.85992602617554,6.086704547835856,2.876670787688699,4.634579776346937,4.786945040426714,6.261897602491686,6.348094188922296,5.220332984680818,5.570497664477054,6.57834054281571,6.400366008188527,4.207625085149333,7.859882749810547,7.521688682575077,4.224681402369264,5.300907176701057,7.031756853950236,4.643105104407752,6.091869741401537,4.246519223795408,4.510129513677594,6.600478442078064,7.6566009811071805,4.859459115295076,4.685865530944048,6.670126063144654,2.9610820796462467,5.811811589445565,5.758072352933084,5.5445248144861985,7.82651951890664,4.363850998947756,6.282504848161986,6.381712381505764,6.290263130058706,6.547061554607167,5.637602233452268,5.463520351401328,3.95103692907628,6.22027642236063,5.051860855701001,6.170641221337542,5.387540286784877,3.529802779944457,6.7383206814197045,5.751370680128581,5.441782752613166,5.887439948603326,6.368908756088537,4.962696047728562,7.750362659932641,6.091304349111154,5.129000770864124,6.96614286489034,6.974842292332324,6.419932710509553,4.7942302764968945,5.247765082018333,5.829450058481177,5.08901638033909,5.61308751865273,6.165625303880024,6.178351993031111,11.192282018910722,6.3147619118366585,7.128835353621456,7.497715748960323,5.4068538890255,2.119838486802201,4.681124921762239,6.13971276224312,5.0899513331158825,5.9520625707455945,6.558070916308127,4.353289335604956,5.502419639555329,7.51369834828307,6.784597605894284,6.185832653075339,4.38673977722684,5.340487744589023,5.737002533070516,6.308229298789138,5.645749447654801,5.8079479623920705,4.049673707375976,5.0230039648239035,5.035449201689372,4.639542432081289,5.776671682368862,1.7097267392350048,5.043309119548726,4.093439500296155,5.2427327203744865,4.557145674823888,5.053873630855705,5.009939303636468,5.8855593526375625,6.610373893082608,6.559019168416604,5.337172436076857,4.027114779009684,5.163283894047844,6.023972157912796,5.856250112466354,5.263175974202531,5.493335008304342,4.191227536851455,5.534027395861795,3.380981053279183,5.725334737541871,5.72055587418782,6.528359113994542,6.8425724442924345,4.369996559847626,4.76763881301434,5.285014146751129,4.936889825712905,5.753621734442177,5.129796131854118,0.9462141061640015,5.307655829789004,4.445617636144364,4.741714560899627,4.9068264637652845,6.452831862460336,5.053670805082344,6.433878720548108,5.331978823635172,4.5566928615600535,2.4970114830878285,6.575402646226788,4.442253481665004,4.086496530040134,5.729200742867047,4.635880785658232,5.156835988986608,3.1832585002520326,7.506067745172462,2.693883035861764,3.798488626767371,5.479355947907129,5.352671098642864,4.127908627449624,7.059727255551847,1.2479993720427436,4.935648701251444,4.80488386922692,3.1794550259287764,4.26645070424137,7.2339997902417945,5.708833393031382,5.448412864926727,4.639668266764619,6.299904624103588,6.537242016272007,3.37775632657151,7.1932699337676045,5.583894009444743,3.536363357277664,4.345768818858653,5.272331672404171,1.1969281877853382,7.696373716918545,5.693854063310567,4.534816274455849,8.780266515385657,Invasive
U2T6,7.8290085060859465,7.143082382477731,7.503078536266369,6.91908106881179,5.876555537626316,6.391661089370308,7.255514002885425,8.44223834250536,5.825150231675517,8.306564036624614,5.2384097640534115,7.231848878084355,6.3936051407124666,5.422393766448771,4.277419337574191,4.545376116488857,5.189079306105663,5.571002074129246,8.002170312226525,8.041782894009648,5.830246604344323,8.724854814412609,4.707785881295268,4.613771888039796,4.863220439203744,5.216350127527303,6.78198506070728,6.7355177613399775,6.68525882774934,5.054840840564951,7.606734570481418,6.104901748492843,6.769103076552774,4.864555269761192,4.671021735849314,7.428105637871125,5.2055051372925725,4.584547681437687,6.159604577646473,7.250467542028407,6.96722860653138,7.332534348419134,6.649049003862993,6.539136919914718,5.72769435560174,4.380622375126908,5.659863614462633,7.119661005189203,6.197566611512842,3.3823004403517514,7.378760449014658,7.120767055908793,4.553152380699794,5.517941018638906,8.480177220644638,7.627475647691817,5.731303631558038,6.106528564152988,7.899929555393243,6.645991426220231,6.130016969099456,5.18260529501852,5.475606600754801,7.102937804226302,8.28577639290232,5.167041401174041,1.1977981535409956,7.011708563535185,4.2621910185024685,6.704929397302253,6.770973183639557,5.793109692282966,8.060108806472813,5.6868823991343955,6.559469039293937,7.329263300412306,2.704086530414202,7.2827398374364645,5.637602233452268,6.967554850162026,4.858106188346387,4.7084574257365475,6.690144113732188,6.481573021664758,6.203278436525348,6.7176624869890045,6.378052960266629,6.805120244425488,4.880903709566891,6.566075528538324,7.4390354493218105,6.385351747812621,8.681113946834161,6.15283337457498,5.8117069199242595,7.125303337903899,7.491295184516515,7.823671667704403,5.020145331414799,6.141562747860668,5.491517085904463,5.532223841008458,6.058042161739197,6.3476748982196085,6.898046508601361,11.940823149072179,6.956551670533894,6.911233905878108,8.821315924030053,5.447201029633359,5.079396029351381,5.268125726419932,7.111318562749455,7.702372078954397,7.76242989970287,7.290668964113586,6.448253097775389,5.865467137705378,7.935116177183325,7.8080611394065755,6.966126048296157,6.5760376606697,5.699189080387014,6.760542855859537,6.912839959373981,4.707855153064868,6.989356278379969,4.415234435745452,6.250981843676538,4.714427245112926,0.9019316621488964,5.99241435497341,1.7097267392350048,6.62566411216474,4.925449796219944,7.234169094256009,5.2949276154981675,5.798138304405741,4.786165373734935,6.792116274272132,6.589436874270907,7.14524471600493,6.5561349163451155,5.358815937190977,5.409608630590926,7.039991947547341,4.243002467271138,5.798149139012349,6.389168897670027,4.567928530575446,7.1006909305303125,5.166482604029703,7.236817598047475,6.252452877462119,7.956339462125612,6.910974059245774,5.284317691466191,4.58916797551338,4.87606821268662,6.901630771254199,5.366793537905608,5.8752823186105,6.268259623972883,6.355233075733013,6.374993141377994,5.777272024279345,4.696093460724462,6.115140245152219,5.398409056323467,7.656624784094191,5.936882446225717,5.517851066416066,5.244292588628057,7.8040597124138795,3.029213606030187,5.696999610464031,5.02962611333186,3.064901670975502,5.772842833776955,5.48392239183422,7.691036769019901,5.933934209229996,5.582280855308618,6.209723030710647,6.606545013074047,3.263437490518219,6.971287277316215,3.5695623458599948,6.291493785927004,6.181679248308315,5.829033679076609,6.467229156930825,7.88320747467697,6.425578629751513,6.146224839213312,6.679307900862312,7.0752157565707385,6.724119325383963,1.4058030486755064,7.609294729691539,6.8940985007620394,6.293074544657994,5.461378743912918,5.933746268855462,4.896071099057204,7.714800658921561,4.116035817259791,5.6070304382218374,9.474034522481302,Invasive
U2T7,8.023995272357693,6.230431376033472,6.644846001091134,6.704172806661774,6.442189213093368,4.689023433480765,7.057873066046646,8.186783779010392,5.4273352305325275,5.816694101065227,4.664636142572707,5.009070136026157,6.296005252638334,1.1776031059627554,5.1286942268006985,5.8147925759967585,5.248825487061925,5.865904206984997,7.277320419198945,6.808279915618392,3.1779320900397976,8.184952455726544,1.040681974582871,1.4444115233146329,3.7722306199748035,5.5987731390738436,6.420552573659176,6.843921990362398,5.194534890416856,1.0153226777113147,6.823681677008956,6.546476117418255,6.492435937013765,2.21701253235207,5.147171316368596,7.049837517642866,2.9995999016742663,4.70852841754707,5.6326771894267775,5.513268762545962,6.4907226805521265,6.66139137649005,6.363580751521727,6.6026603672302535,4.981816858966214,5.346113564064755,5.619926906147365,7.075806241291758,6.312335026004099,6.247146265066496,7.18327051011018,7.494241576841489,5.477514287962597,5.871631751926138,8.510467315963062,7.661010060306678,5.611549259388344,4.963744939989432,7.750023523519152,5.828455705814649,5.206140469154262,1.1388428293002881,4.405354469659265,5.842527469237789,7.5167039476911235,1.2933351688599242,1.1977981535409956,6.392542622802926,3.680853182659316,6.387890367693222,6.258474989742256,5.58957596837368,7.247596775920908,4.147199983696865,1.1607531930594033,6.498731355916453,3.594012447363638,6.791308674276387,6.375182839882369,3.3711299926987834,5.162357166712726,4.785747969740624,6.3853071719784165,5.990530993416593,6.36694709424736,2.150418025878717,6.681293505277717,7.338770665744082,6.930404197941611,5.84630352742385,6.694192817727396,6.08942657851347,7.481419733638393,4.85438561535468,3.9335129251466276,6.436919200335357,5.642983340682271,7.508066856267195,5.875305391041446,4.327678455537757,3.4061467735623894,4.963340528143382,3.793122540962258,6.44334089364313,5.33222109958561,11.253084238446492,5.0498555679038155,6.89438909311462,7.7509309040743855,1.3993453354221357,4.920747853303855,4.599277774831224,7.720753704194861,6.854524290604612,7.499054755501133,5.25815948654755,5.762563828479388,4.289811141280927,7.455510957060744,7.416321852933754,5.463366126028633,5.497253668583371,1.4088558164747913,5.93319418302154,4.39704365861798,3.7964100924606314,6.866553044452138,4.415234435745452,5.798585657929587,6.068158117310504,5.594574654444601,2.9040063641788043,1.7097267392350048,4.854161938507945,3.966852861130172,6.680598876833269,3.8836873339886,5.002822419354441,3.437774137962352,6.774218499566302,7.407151773890732,6.581056829880588,4.157256214201601,1.2359979612025493,6.9137689349596165,6.6978740368217355,2.7968234325035284,5.3857271644028994,1.2961279989964996,5.087083863773763,5.8383388593553205,4.002993524223385,4.932170786605983,5.297746611736454,7.1006257451372115,7.024023140455665,4.484772098007616,5.851484281846692,4.227783250498167,6.6757589912644,5.487773368533947,6.372030509356396,4.991131726148195,6.6585136204567,4.239327756799231,1.0085107832236622,4.533798489509515,5.769181627329104,5.567872580535644,6.0322138888470755,4.57622575258233,5.678236608873323,5.682996809061514,7.2104748147909135,4.195208734848863,4.6663617818717285,3.7599364359335192,3.064901670975502,4.417580582694519,5.48392239183422,7.892950880058491,6.134758666940785,4.013934989258237,6.184642937938696,6.183580669022975,1.5344952166554093,5.484308214000048,1.2479993720427436,5.77242203373671,5.044212124188647,3.883723834442516,5.415742746375491,7.48854039626365,5.495184459505623,6.146224839213312,5.87883899976622,7.219302531826871,6.462009094497169,1.4058030486755064,7.5441105245952915,6.051757179870789,5.342233925575436,0.8949000979193222,1.7316505559924389,5.315120190156593,6.747710284302661,6.724866075748288,5.952206301274269,8.716794489925803,Invasive
U2T8,8.604770663765734,7.8667322890948554,7.940405284732794,7.496590691136509,5.98182527735081,6.794089649119199,6.730932575581816,8.285931550668694,7.586876690290145,8.107892676788842,6.245857734475731,7.8373392031761,6.440067961808831,4.665368632325685,5.93148686962722,5.021989206163081,6.578132908934158,6.8763193700090905,8.33675174136605,7.818811822690833,6.307378764557225,8.651165025432258,3.885460477450869,4.696628470913349,5.795088447995337,6.000280632689439,6.6568480417069615,6.982602673606058,7.095804165885147,5.906989527590461,8.035200368102895,6.587989594048153,7.742015933923065,4.586559590588746,4.460001360895175,8.382608781990266,6.5727142192171915,5.0172599611845,7.070476460414932,7.277580542279498,7.084935737138569,7.748499931972669,6.942546086749626,6.22694375572971,5.179886873877655,5.600070965284782,7.089381461420343,7.394399093069833,6.791646767731876,5.264920138880496,7.993549508020168,7.782582066453401,6.194078771850027,5.566715229025936,9.024222144737909,8.001783636062584,5.842393218283691,6.0888028752095575,8.205617375180443,6.626733873909055,6.238067547478387,4.723983025403255,5.826633945484236,7.316168066023222,8.691299200915994,2.5104643169306455,4.9460154973119055,7.681576260976172,4.661108560971722,6.479585735958855,7.501254452302888,5.233203989594969,8.3735842376981,5.657906917501369,7.060767438063067,7.556496924504218,5.821052357575347,7.772157696706696,6.733434521686002,6.289153109162751,6.033772948429206,6.194018968407905,6.690144113732188,6.84207205411021,6.572087146390281,4.400097662907379,7.379356280707281,8.046012229589373,4.656091611482976,7.348798726088335,7.7709128350903995,5.111364508024202,9.128068431923287,7.1278991717771305,7.281191456984072,7.522401337950463,7.600752111444846,7.757857565356074,5.7577634713456485,6.257704333036244,7.293770487005272,6.273784338606889,5.419069572373925,6.834551974124784,7.107347424553643,12.172955043455728,6.570006393210974,7.508850986043285,9.116559637812156,6.385565157807994,4.45626403462279,6.234064648968783,7.456219266156392,6.225039557451792,7.3181401904770365,7.122739364150993,5.843240009621693,5.645195536898424,8.63236737138135,7.61067997195744,6.656638548110765,6.307233378887959,5.340487744589023,6.612076309348163,7.406875611408717,6.7827607801601815,7.575843354146961,6.72685879219944,6.344792967895316,6.464375225618257,5.103121892267453,6.609742914572001,4.416161829355136,7.022379568541837,5.909973356519515,7.906710065140773,5.470971701664707,6.365859356597676,7.126824518247224,7.418802285245425,7.444144444068396,7.017848726618828,6.392060840126845,6.136849800834716,6.515424158137321,7.010777326342037,6.490891956045971,6.841726398253176,6.763924553625085,4.567928530575446,7.403980879433398,4.002993524223385,6.8358454644503706,5.801809473129488,8.233780741157325,7.836283057165202,5.7785707856309525,6.025306259299903,5.071993918447539,7.797530967257774,6.776695988472325,6.411015517105863,5.621067066104903,7.392278331336744,6.629559315143938,5.479522926824378,6.014718993594576,6.292586303911232,5.72190800617807,7.847852013578512,5.586886402370237,6.600815390409792,5.907249277032028,7.811938729320783,5.7274135262366634,5.2427267276147616,4.6633736950309395,4.542948539564771,7.184589731551151,5.107537909566135,8.935451531626635,7.061729134073834,5.874514839133944,6.552427292909702,7.287969559518929,4.127908627449624,7.4291736917978834,5.253028971973122,7.177315348422301,5.972387868412669,5.529769598807018,6.837453478258453,8.39135727187091,6.9976608409028795,6.932087684676906,7.030220567739018,7.885612722491635,6.4226908014734025,2.751870571404262,7.8348613867160815,6.8940985007620394,4.9949620156497865,5.425480591756715,6.701212051596849,3.84306671184535,8.236232878849446,6.864104383434157,7.262872769111409,9.733807248284963,NonInvasive
U2T9,6.534547322022931,6.055979535662031,7.180158824318191,7.326948178075385,1.042874724373613,3.826493786516654,3.579141120414904,6.828898273739222,6.24694447685453,6.9670491253082645,1.1873130884333967,6.239044121729647,4.10741618465376,3.25043841216368,3.367023102222856,1.1478235619284403,7.292338769698114,5.96313575134888,6.4040761628269856,6.128154765223666,3.4301979396270914,8.319486297625424,5.773072163878529,2.2768425494750075,6.152992237824121,6.55094777754142,3.9429239699843137,3.217852811865673,5.194534890416856,1.0153226777113147,5.86911905372364,4.84020213452261,4.800266960196989,1.4018641873072357,1.0554518290876873,6.642049132571406,3.567290770075294,1.1833644588960075,6.188318851502421,5.468752802086253,5.459749066783093,5.731989680619005,6.363580751521727,4.663003347268715,3.6327450081125257,4.914095864387897,4.918472501142231,5.354123742191984,1.7556865628982625,3.534964474782517,1.3228827840901336,6.074599729047312,1.2033650990117897,5.061954356421697,7.391166033742678,6.758308973736458,6.354126353413466,0.592893143436839,6.288059639446615,7.132606868438426,0.7381729368864649,4.246519223795408,4.510129513677594,5.615386613751028,6.977008230565126,5.6273821087519735,4.149930329899625,6.711965401549911,1.1780469278231076,5.622092178372782,4.7686832794972895,4.539968627367864,7.7648481459851055,5.100825777755352,7.047732057439312,6.202301674156869,4.114585737198947,6.684928466592149,5.595542488144037,5.034861292278238,5.2511895541573645,4.345706466294882,1.601289082215339,5.431778484527964,6.4316752972813855,2.150418025878717,6.110733844454627,6.822594684884571,4.572229697869503,5.044382959185084,6.951466660839552,5.063527882911004,7.31550672372642,2.313401764028381,5.219356284526954,5.429375653983723,5.5320154731729545,6.144286680376135,5.875305391041446,1.251810417306379,6.024029417996375,1.5156549168113855,1.6250562636353183,5.831505600539931,5.175570873213951,10.979505977638448,4.748621204479621,5.4202301893056575,7.28433305390031,4.451959958126032,5.962198048767421,4.7587728885650336,6.405332244166697,5.0899513331158825,6.492727760968359,7.07729271994228,4.242709430718119,1.166209518778759,7.695454961145577,6.2652720644226125,6.242627010332315,4.144948137287825,3.9181733466668995,3.940232649046499,3.1524052510330414,4.367656926133508,4.463415929198401,4.183556456888336,2.7213357522966564,4.8838739547993,4.575546603341632,4.823220468839613,5.2308799727988475,5.60495465004117,5.41595631625025,6.066651148341066,0.6076552955812602,3.7008490911836724,5.927039322508822,4.105516729353562,6.387167417852808,5.574079557738477,4.605252980232776,4.142646598689003,4.801731387002213,6.602445993361812,4.686398227066009,6.677833911446546,5.1105920231230275,1.278845853771093,5.401553579833569,1.1992253171911156,7.427062040781749,5.45062523173014,5.990996763599458,6.307550514738216,1.206965127538128,5.466983982738359,3.750302920049956,6.469733916040768,6.021042062017056,4.039185332402502,2.723185370494377,4.7565581128852354,4.978476569179026,3.794334211915059,1.022357988226955,5.331227240087115,4.819751598376122,6.990703244682587,4.970407234162602,4.905329503214333,4.76734746567211,7.438952167777954,5.8640180488399025,0.9508933784484146,4.894235722632693,4.213940746165066,6.399219110667726,1.1538391214430792,6.5331751684072845,4.4515500476228205,4.2852942016464235,1.598114545827415,5.083395377831769,1.5344952166554093,4.632716685390799,5.469479106178929,5.63065647115672,5.310286305475632,4.839357060862727,4.99194336183503,5.8204252319788115,5.964881993200965,7.231565596197832,6.7692959033671,6.1201993694931165,5.074826408010211,2.751870571404262,6.397970236669657,6.080542359935542,3.9003957542258054,5.046692937019168,5.437517485078172,3.9525974906568164,7.074421350863446,6.912755581511501,5.845482742292991,7.9162567478700865,NonInvasive
